"0d31NEyTFbx2J56DPJA","Ice Cream & Frozen Yogurt","Coffee & Tea","Specialty Food"
"CllWR8oLNzOXABf3dgNvA","Pet Services","Furniture Stores","Pets"
"O3xJVGXePdnZST8O0sy6g","Electronics","Auto Repair","Auto Parts & Supplies"
"Fy1mU2z06UsRgu88ELNOA","American (Traditional)","Mexican","Skin Care"
"C9QNd6qXSRgSy8n4OBf2mA","Ice Cream & Frozen Yogurt","Bakeries","Coffee & Tea"
"jikjjW1bN0swCMguFazcxg","Real Estate","Active Life","Flowers & Gifts"
"AA4lxVlnFnmQL5g0jgLDTg","Ice Cream & Frozen Yogurt","Coffee & Tea","Desserts"
"q6rBjPhagDYNq1Q1btzg1Q","Contractors","Hair Removal","Furniture Stores"
"JMkBrqzBKFtVgmpyAy3jKQ","Skin Care","Massage Therapy","Massage"
"1aVbXH4uQCTQU7HfGmyow","Ice Cream & Frozen Yogurt","Juice Bars & Smoothies","Coffee & Tea"
"HvSliqaxluBylII59CQVBg","Auto Repair","Asian Fusion","Cosmetic Dentists"
"y5bQlEMCMnYba9I5XRzlzA","Delis","Ice Cream & Frozen Yogurt","Italian"
"xYIjSJZbiK0nDxdC8LFwJw","Massage Therapy","Hotels & Travel","Massage"
"qNGexUR4IG8eSfs7USrRtA","Auto Parts & Supplies","Fitness & Instruction","Hotels & Travel"
"o4nn1EZU39fE7zMuCyXiA","Massage Therapy","Day Spas","Beauty & Spas"
"hqJMHaqpyL63NhRUqv9eyQ","Juice Bars & Smoothies","Coffee & Tea","Ice Cream & Frozen Yogurt"
"KDh82ODr4adz9ck6ltQYQ","Health & Medical","Arts & Entertainment","Arts & Crafts"
"9qWjF5SiK2MGnu6wBcpw","Juice Bars & Smoothies","Ice Cream & Frozen Yogurt","Fitness & Instruction"
"MUHpxyrdwAyghqJF8I7TQ","Pet Services","Pets","Event Planning & Services"
"h8JaGUKEc657cUnAXLE42Q","Accessories","Furniture Stores","Auto Parts & Supplies"
"KYKc7At4gH6T2qQ6JJ3wLw","Auto Repair","Contractors","Nail Salons"
"O1J2zfIGDxDig8WifUSrg","Auto Repair","Automotive","Auto Parts & Supplies"
"QEE5vBdRf2tuchmZQ3HKg","Pet Services","Pets","Furniture Stores"
"5i36Ob9U0cDxPk389dUlw","Auto Repair","Auto Parts & Supplies","Asian Fusion"
"pmp0GowinCJeVMOnxNuZTQ","Auto Repair","Ice Cream & Frozen Yogurt","Gas Stations"
"AnNjZfF7KYRvPljtv9g","Hair Stylists","Barbers","Massage Therapy"
"oaKIZDt0R1qylXeQoSYIg","Auto Repair","Auto Parts & Supplies","Contractors"
"80J9QfTbDYBk88rhd826dA","Auto Repair","Auto Parts & Supplies","Oil Change Stations"
"xEuBPTBLv16vNvHg4DTHQ","Barbers","Hair Salons","Hotels & Travel"
"EZRl9nOwcaED93NnFakvHw","Ice Cream & Frozen Yogurt","Coffee & Tea","Accessories"
"4S358eahT9dfeKpnB1U46Q","General Dentistry","Cosmetic Dentists","Dentists"
"RuPGJeuIapA9lg8bE6nuug","Auto Parts & Supplies","Skin Care","Health & Medical"
"hzAOz6E9gpQf6i6ciHmIPw","Fitness & Instruction","Specialty Food","Event Planning & Services"
"Gpf7Ts64tYUDSExkwQ9SSQ","Auto Repair","Cosmetics & Beauty Supply","Auto Parts & Supplies"
"tSfo4rtIZqb7S3jytzm5A","Contractors","Auto Repair","Auto Parts & Supplies"
"kvxORTcjQyT4C6Ua6pA","Auto Repair","Auto Parts & Supplies","Professional Services"
"iNDTltptdI3PYOxxXtnyLQ","Contractors","Home & Garden","Auto Repair"
"ocfRQyIe2NizLLoYmdK1Xg","Sporting Goods","Tires","Accessories"
"JDByKm5mhk0mYC85swSSg","Furniture Stores","Contractors","Hair Removal"
"BdCn0YbE32nUMfijUP5w","Ice Cream & Frozen Yogurt","Auto Repair","Auto Parts & Supplies"
"28yYO3uXuVZbE3YsvVHahg","Juice Bars & Smoothies","Bars","Beer"
"7RokluwjovXF77EQx6Dc0g","Hair Stylists","Hair Salons","Nail Salons"
"AbHdwEfXJWqGHqabTb5S5A","Sporting Goods","Juice Bars & Smoothies","Accessories"
"8vmuInQkTrRgCxlxo5ymw","Beauty & Spas","Waxing","Hair Salons"
"k9b96JXlNewj36ddrce9Jw","Breakfast & Brunch","Home & Garden","Desserts"
"ET48I31xcpvFBIq4RKZPpg","Auto Parts & Supplies","Auto Repair","Arts & Entertainment"
"Ta9m6G8P0pA5nuAJomjQqQ","Auto Repair","Auto Parts & Supplies","Real Estate"
"t9W24Fq8EljFz0XZXyUkQ","Fitness & Instruction","Coffee & Tea","Home Decor"
"igPCZTC4rf1E1kgBJ4sLOw","Auto Repair","Auto Parts & Supplies","Tires"
"fF4RanPBRJ4axvNLSD9XVw","Auto Repair","Auto Parts & Supplies","Sporting Goods"
"q2GzUNQj998GSC8IhkN9hg","Ice Cream & Frozen Yogurt","Mediterranean","Salad"
"407jyweZL39WScJazVBMQ","Specialty Food","Juice Bars & Smoothies","Bars"
"3C0bnFhjkgYP9mWORKg6cA","Specialty Food","Arts & Entertainment","Salad"
"fCYAWOefj4jHb5jenFXD8g","Cosmetic Dentists","Real Estate","Furniture Stores"
"ZiOWBZAgaiVJGu7nX8IgQ","Seafood","Ice Cream & Frozen Yogurt","Specialty Food"
"8MBPCwQKFlLJqQhzXddA","Accessories","Flowers & Gifts","Cosmetics & Beauty Supply"
"wIxYAU2jaT6Y9bInc5MXA","Cosmetic Dentists","General Dentistry","Dentists"
"9XfA7NMNKkGbH7yXc8G75A","Pet Services","Auto Repair","Local Services"
"jGlk7K1IB8XyhlBEmeEHQ","Pet Services","Pets","Furniture Stores"
"EtNXaL2cOcrxQX8WUUhwsw","Flowers & Gifts","Event Planning & Services","American (Traditional)"
"TBWis7BxQfSxDLWs3DpoA","Pet Services","Real Estate","Furniture Stores"
"883p8Iq1DGAcrP6GU5XRog","Sporting Goods","Furniture Stores","Jewelry"
"GnGjeLuG4EmjcYrhHlvP7Q","Furniture Stores","Arts & Entertainment","Electronics"
"BPAm6JH34HB9FG5Jx1Nig","Seafood","Salad","Specialty Food"
"ZhMTztc2PsoXb2jZZdQZfg","Massage Therapy","Health & Medical","Massage"
"xZpZvAqZSla5c72CuNKnJA","Sporting Goods","Accessories","Auto Parts & Supplies"
"ir3290jmmZUZYa2Z600PIA","Health & Medical","Education","Medical Centers"
"uVbmYmuD5oi6PzujOwgA","Ice Cream & Frozen Yogurt","Juice Bars & Smoothies","Restaurants"
"FzaNlxDCq7LA5O6ydvmw","Auto Repair","Auto Parts & Supplies","Oil Change Stations"
"gVhX5xcnGjHE3mF2eXqKYg","Arts & Crafts","Arts & Entertainment","Auto Parts & Supplies"
"W3HI9tfQ8DAAJdkVWz5dQw","Pet Services","Real Estate","Furniture Stores"
"KTI9e6Dbw5xu1zKvuKFNiQ","Tires","Auto Parts & Supplies","Asian Fusion"
"uPJxxt2Qn8uGT2NJvzcGYg","Pet Services","Hair Removal","Furniture Stores"
"Nc7cqq5k0WZsVhu25QrmNQ","Auto Repair","Auto Parts & Supplies","Electronics"
"sVdGXBgEv5DOlLuFoprhQ","Nail Salons","Hotels & Travel","Sporting Goods"
"68O4uYCd0YToLOLqHTBSZQ","Arts & Entertainment","Salad","Hotels & Travel"
"CQxhyLM833WF45yrS9yeAA","Pets","Health & Medical","Pet Services"
"nfDPXxOOVAU6OpI9sl3Flw","Juice Bars & Smoothies","Beer","Coffee & Tea"
"bllbhpF4iReTO68tG0WgkQ","Massage Therapy","American (Traditional)","Massage"
"BolK3j0LiGtxYxfRhGJFvA","Furniture Stores","Health & Medical","Medical Centers"
"BCSofuQwu1VE8wjzDaQ3qQ","Juice Bars & Smoothies","Bars","American (Traditional)"
"sBm7kXdd63sIvIb3bp1MQ","Massage Therapy","Day Spas","Beauty & Spas"
"kR4NBNFf5SLpeAtZuPoPg","Ice Cream & Frozen Yogurt","Italian","Desserts"
"Delyh0oCJJGPta5WeSlA","General Dentistry","Electronics","Cosmetic Dentists"
"OJxLUNDWJv7jmNJxBo53A","Furniture Stores","Flowers & Gifts","Arts & Entertainment"
"G4hjhtAwQtSOGpgGlDjw","Ice Cream & Frozen Yogurt","Seafood","Mexican"
"fR2v1bU3jbWVJ0UuMmeHw","Specialty Food","American (Traditional)","Ice Cream & Frozen Yogurt"
"h1Jq1YlqPyD1mGSW0sjRaQ","Auto Parts & Supplies","Auto Repair","Arts & Entertainment"
"w1fJzm0ladnhvT7Jc0MJ6w","Barbers","Hair Salons","Nail Salons"
"IZKjHtCuRlbhyD1WtGd8uA","Nightlife","Event Planning & Services","Arts & Entertainment"
"Syk1I7nPaE2t6HWVO0nZA","Hair Removal","Health & Medical","Medical Centers"
"jKN5rK1p9iKFjChWVdb6Ww","Nightlife","Juice Bars & Smoothies","Bars"
"kOsLCcNDWii4Bg4evWANxw","Arts & Entertainment","Electronics","Pet Services"
"u7cg4p9Umh5HKyU7Jl6vQ","Hair Stylists","Nail Salons","Hair Salons"
"ZghQ7ilYOCkGr9MhjlLjBA","Auto Repair","Auto Parts & Supplies","Automotive"
"QNHmtZSfFEyIvuKe73DzMA","Nail Salons","Pets","Pet Services"
"sqnr6XgcNNk26GHPq1IpA","Hair Stylists","Hair Salons","Oil Change Stations"
"0bjFYstj8USMzEV4ZQldjA","Coffee & Tea","Ice Cream & Frozen Yogurt","Specialty Food"
"KUOt2xUcGxpVPezXZAzQ","Oil Change Stations","Auto Repair","Auto Parts & Supplies"
"u3exVNGKE0iJ7nnxS3BbA","Juice Bars & Smoothies","Ice Cream & Frozen Yogurt","Coffee & Tea"
"cfuFIFZk4u7A48yn3y10Zw","Breakfast & Brunch","Ice Cream & Frozen Yogurt","Desserts"
"rubyBEGXLBLUJAuEtKEuw","Flowers & Gifts","Home & Garden","Cosmetics & Beauty Supply"
"ZHoTQbkhGcLw9OqrTiZQ","Home & Garden","Flowers & Gifts","Mexican"
"gv25mX4GkYnKaEqTNNMnQ","Pet Services","Furniture Stores","Auto Parts & Supplies"
"Q3SAIIFURXZu421zG17N0A","Ice Cream & Frozen Yogurt","Beer","Fast Food"
"ydXEHoJBsY4cOdotR4eNw","Hair Stylists","Hair Salons","Nail Salons"
"tMBdSpCT65N9JhoBWZLNQ","Cosmetic Dentists","General Dentistry","Dentists"
"QtxTLatcq133Pfnl90ZB9Q","Mediterranean","Seafood","Salad"
"ZKUIoogqjFJyLNP0TW3A","Electronics","Auto Repair","Furniture Stores"
"M3P8cBifSwYorQU38Dqpg","Fitness & Instruction","Jewelry","Auto Parts & Supplies"
"wiRJwuq4sCoTFCehR1WuOg","Furniture Stores","Contractors","Tires"
"2vIC2DIximgBjTRgbWwXA","Event Planning & Services","Health & Medical","Hotels & Travel"
"8LYul0GwtmoYOoXX1fpwg","Event Planning & Services","American (Traditional)","Gas Stations"
"7JVmDCwUVBs4UobLv01hLw","Auto Repair","Tires","Hair Removal"
"v6dqe7U2MVtaWyHbvtwtw","Massage Therapy","Day Spas","Beauty & Spas"
"TcSGXZhrdJi1mtwV0POTQ","Jewelry","Auto Repair","Fitness & Instruction"
"mmG1pgti52kCoDWSukdqqQ","Waxing","Nail Salons","Hair Salons"
"micICxePKxnPERTZr0xDQ","Auto Repair","Medical Centers","American (New)"
"A4NuAm6Ie1aYOtFQcrb0Q","Jewelry","Flowers & Gifts","American (New)"
"lZ9w5Hd5YlmqcTdnzztvA","Specialty Food","Coffee & Tea","Flowers & Gifts"
"2qSoPkVt7P9fgc6IDLA","Cosmetic Dentists","General Dentistry","Dentists"
"nqKLJ9q7jvnzRKW4RIu3qw","Furniture Stores","Oil Change Stations","Hotels & Travel"
"MgaFkl7CTZZfXUJ79FIWGQ","Arts & Entertainment","Auto Parts & Supplies","Auto Repair"
"ewmTwsZqCHH2gvCeDKz0dw","Ice Cream & Frozen Yogurt","Seafood","Salad"
"edbJTIt4IcQUt9jQTvuhg","Ice Cream & Frozen Yogurt","Hair Salons","Hair Removal"
"J6WnhToRaJ2TtLbRpKF3Lg","Nail Salons","Hair Salons","Waxing"
"RzXSaz2BjPBHeJzEIUKoQw","Breakfast & Brunch","Cafes","Coffee & Tea"
"WuH8ncHXNBvAna7tBX7xg","Massage Therapy","Oil Change Stations","Gas Stations"
"4eIFraJQ5sVZm3Wj6oMzAQ","Specialty Food","Juice Bars & Smoothies","Bars"
"oeRLD870Z76FD1OYW8jbSQ","Fitness & Instruction","Event Planning & Services","Day Spas"
"LlmiXzE08XKwI2e4JdA","Ice Cream & Frozen Yogurt","Oil Change Stations","Salad"
"Bv6MOsh4jaL1bHOZpkKlg","Auto Parts & Supplies","Hair Removal","Auto Repair"
"eNGEqOTCHTnqoOYszx8xoQ","Hair Stylists","Hair Salons","Nail Salons"
"FUFrBIHOdFXTLzD3JL1vQ","Cosmetic Dentists","General Dentistry","Dentists"
"1vLfv7foAu3tJ7vAEoKdA","Pet Services","Pets","Nail Salons"
"M0GUqlmY7crtQX3WFhxw","Waxing","Hair Salons","Nail Salons"
"5CTmFgqxx7nl8jzQK2DuA","Eyelash Service","Hair Salons","Nail Salons"
"BjnOE2PDjZcJmMMUMPiJig","Hair Stylists","Nail Salons","Massage Therapy"
"uet3BcIwFW487zxtePsrw","Cafes","Juice Bars & Smoothies","Coffee & Tea"
"efSbCWuU0FJbLmPC5CDfdg","Auto Repair","Auto Parts & Supplies","Tires"
"NA9WSNjAqJVzpgC29xURQ","Professional Services","Home Services","Local Services"
"cOqd9ou3uf1k3OWFoCQ","Salad","Seafood","Ice Cream & Frozen Yogurt"
"AbmwC69qKOhtstAWuXvLIg","Contractors","Auto Parts & Supplies","Cosmetics & Beauty Supply"
"Xk9vQupA97SSEvkB16otRg","Furniture Stores","Accessories","Sporting Goods"
"JxjY94b4EfrFVsDCEdP5dA","Tires","Auto Repair","Nail Salons"
"bh0dRmSXjNWZLRys2VmW6A","Sporting Goods","Fitness & Instruction","Trainers"
"VOKCaJMMSpAGgrx2RG7Ueg","Auto Parts & Supplies","Auto Repair","Fitness & Instruction"
"LRnzpnNQWwpN3Bu24W53CA","Ice Cream & Frozen Yogurt","Juice Bars & Smoothies","Coffee & Tea"
"TYDHF1WRblen2Gup0jQUg","General Dentistry","Doctors","Cosmetic Dentists"
"k5ddmLvAKKw9zSusRPM2cQ","Caterers","Breakfast & Brunch","Event Planning & Services"
"IjRMUEf19Y1MmIVjqGyS4g","Ice Cream & Frozen Yogurt","Coffee & Tea","Specialty Food"
"JMc6OcqMbLjQP0Rc07EAzA","Hair Salons","Beauty & Spas","Waxing"
"Ci5jgkoNYPjIkvcUQoilA","Contractors","Gas Stations","Auto Repair"
"2KadiQLTen9mNdXgKR5A","Ice Cream & Frozen Yogurt","Seafood","Oil Change Stations"
"hnpC4SaoajWJHh8U1EXUQ","Health & Medical","Nail Salons","Doctors"
"hM3TwxTeXWvdXZUiFkZ9g","Pet Services","Furniture Stores","Real Estate"
"nDpQjxCvO3hcOU9EUHAvZg","Event Planning & Services","Shopping","Auto Parts & Supplies"
"vfu0sv2UvbtsUjDF6MzZA","Medical Centers","Gas Stations","Auto Repair"
"ndTgznMYNe0n26VqzecEKQ","Pet Services","Furniture Stores","Pets"
"nv2z5SYQR0JlzflUrm00Mw","Juice Bars & Smoothies","Flowers & Gifts","Sporting Goods"
"1l1xbVgzRBr48dK6KHCL0w","Auto Parts & Supplies","Furniture Stores","Hotels & Travel"
"7RR1rbyEKKo2GRACqAfoA","Ice Cream & Frozen Yogurt","Salad","Beer"
"hk3mC8gDnSEJOtmbILDBA","Hair Stylists","Hair Salons","Nail Salons"
"qEY6ceR1HVogrvcQuKHnBQ","Pubs","Juice Bars & Smoothies","Bars"
"O4kYogia0fbF85pCX10XiA","Seafood","Ice Cream & Frozen Yogurt","Salad"
"7h08ecPN5bcW1Gp6UQZxNQ","Ice Cream & Frozen Yogurt","Specialty Food","Auto Repair"
"KcCEAftn9JiKPgad7y2lg","Real Estate","Contractors","Active Life"
"CPi7KGba3x3QjMmIqD4aWw","Oil Change Stations","Gas Stations","Pubs"
"hrlE8kBzCIqXaLuaVNC9w","Auto Parts & Supplies","Asian Fusion","Electronics"
"EDlGfPFcejyDvAOKpUgrKg","Flowers & Gifts","Auto Parts & Supplies","Cosmetics & Beauty Supply"
"zJjs7CxwU4GhdBdeRA","Coffee & Tea","Breakfast & Brunch","Sporting Goods"
"E94lGPASDOwEbbA3zvfxkg","Massage Therapy","Day Spas","Beauty & Spas"
"LUmwRZzVKZ9CM7FyHnDQ","Massage Therapy","Beauty & Spas","Day Spas"
"gAqckPMHgXQOnJ0G3OPgFw","Ice Cream & Frozen Yogurt","Flowers & Gifts","Oil Change Stations"
"stwEHZ4qMuhF8KmlI4EVw","Beauty & Spas","Day Spas","Health & Medical"
"zPxWTy2WOslWtKCr8B1nQ","Auto Parts & Supplies","Sporting Goods","Electronics"
"VMeXFzWwBF2PSHx6EpII4A","Mexican","Ice Cream & Frozen Yogurt","Breakfast & Brunch"
"sCsWzEMOlk6WVCEHjk1w","Electronics","Accessories","Auto Repair"
"VbalAZnu2w6NttIKfdjDg","Coffee & Tea","Ice Cream & Frozen Yogurt","Cafes"
"f4d8cyTwhxHnsrC1Ws4LQ","Hair Removal","Waxing","Skin Care"
"w6ptb6X7YsDiwllNhOMSQ","Hair Salons","Nail Salons","Jewelry"
"gqNGt711f0azWOBE5pihjQ","Auto Repair","Event Planning & Services","Furniture Stores"
"ENzLJkb8eXP8fGBzG5aGXg","Pet Services","Pets","Furniture Stores"
"q0iqz7ZQmOi7TqqciKVJYw","Ice Cream & Frozen Yogurt","Cafes","Desserts"
"iWZE0ZluD93zJqUTkujxg","Doctors","Eyelash Service","Cosmetic Dentists"
"5BSrguKmbBb9W4R5IvbW7w","Jewelry","Event Planning & Services","Education"
"UAZNEIX8tc8Kk5XFd4UA","Jewelry","Real Estate","Sporting Goods"
"cEU8yhCpCHywtImYeM1y5g","Auto Repair","Tires","Medical Centers"
"XfUg7AJJliNGNFseki2y3Q","Jewelry","Flowers & Gifts","Skin Care"
"Lcn8bGwxg3kilmtRbOn9ZQ","Pets","Health & Medical","Pet Services"
"EaDpmkkBnxPR5RjrZ0PCVA","Furniture Stores","Sporting Goods","Auto Parts & Supplies"
"vUJ08IkoUu5eaccWWFNIXg","Fitness & Instruction","Gyms","Trainers"
"ahGtKEHYxY3igWrTHh7FVQ","Breakfast & Brunch","Ice Cream & Frozen Yogurt","Cafes"
"3Ag1VmOTjJGaDHme5fKzXg","Pet Services","Furniture Stores","Pets"
"xCL38K0oPgK3ydzg4CrvKg","American (Traditional)","Specialty Food","Juice Bars & Smoothies"
"u2Z7wvTpZJzQEhfFBS06g","Auto Repair","Auto Parts & Supplies","Gas Stations"
"qHQPvp6pZ75fB63kOKUPqg","Pet Services","Furniture Stores","Hair Removal"
"Eim8jt0BY7EXikAAJ3hQ","Nail Salons","Hair Salons","Eyelash Service"
"6lgRm13PvA6iMGc7PmqK9Q","Ice Cream & Frozen Yogurt","Juice Bars & Smoothies","Coffee & Tea"
"XGMpMJ94OyHmAYRVMdEnGQ","Massage Therapy","Health & Medical","Massage"
"konatiSHu14lkfjntSao4g","Furniture Stores","Electronics","Sporting Goods"
"c5uSmULnX5XchbSyOoxlg","Pets","Pet Services","Furniture Stores"
"U3gKpibRclRzbKlUx6Rukg","Hair Salons","Nail Salons","Event Planning & Services"
"NpNyANi117d3TqMBpcMWPw","Event Planning & Services","Active Life","Home Decor"
"R7ARWB2oYf65SGxIXKXw","Real Estate","Event Planning & Services","Auto Parts & Supplies"
"shJPvAZ1pdUVm9DORQ6g3g","Hotels & Travel","Hotels","Event Planning & Services"
"jkUGeWyzxM8LTgtbFj5YAw","Fitness & Instruction","Gyms","Trainers"
"LaTu6zWyJsrZfCekL3tctg","Auto Repair","Auto Parts & Supplies","Automotive"
"jRxLnJ9my31ReO2MvQGhw","Asian Fusion","Mexican","Ice Cream & Frozen Yogurt"
"vT812nRctS62PVxUverayw","Asian Fusion","Seafood","Salad"
"Nrlso9qAZNUDqV3hQg2FA","Hotels & Travel","Massage Therapy","Hotels"
"YruYVhml6TGxHNzgrz8jFA","Gyms","Auto Parts & Supplies","Fitness & Instruction"
"t5JpYelGyKLuU2wP2zoCQ","Fitness & Instruction","Tires","Event Planning & Services"
"llPDpKhxanmdYNmWugckrQ","Nail Salons","Waxing","Hair Salons"
"kQGwxq5hOM9TLIwO8AjHvQ","Furniture Stores","Real Estate","Auto Parts & Supplies"
"dSwn4VldsPJpdyH8r98fow","Cosmetics & Beauty Supply","Massage Therapy","Waxing"
"QEgvfB8OUq5XUURbw2DA","Fitness & Instruction","Auto Parts & Supplies","Accessories"
"YTMbzy3SXiDtqQOfZRD7lw","Auto Repair","Auto Parts & Supplies","Automotive"
"DWzEDXeEyg0VakA09vOTg","Health & Medical","Pets","Pet Services"
"QXg8xvdDP8AqeOBPbrXMA","Cosmetic Dentists","Dentists","General Dentistry"
"cePE3rCuUOVSCCAHSjWxoQ","Ice Cream & Frozen Yogurt","Mediterranean","Salad"
"V2Q52jmcL5JvwxRRNFCSQ","Real Estate","American (New)","American (Traditional)"
"LUWMn6XeEDdXNsJaWJSoMw","Jewelry","Arts & Crafts","Auto Repair"
"HwfEGNYgE0UZ3aHgCTQCfw","Nail Salons","Hair Salons","Pet Services"
"Kp4i7on7rxFRkWceKfL2Ig","Arts & Entertainment","General Dentistry","Event Planning & Services"
"4QptQBr500iB7J19pFw","Jewelry","Medical Centers","Auto Repair"
"Wcos8wvTMjpAs50rxm1BQ","Cosmetic Dentists","General Dentistry","Dentists"
"GxiYMg1OyXN958bN87Vhw","Massage Therapy","Hair Stylists","Nail Salons"
"qxZlGhgCrJ48FUj9LWKg","Cosmetics & Beauty Supply","Auto Parts & Supplies","Breakfast & Brunch"
"hHq4qNDIWn6Ag9dgvAAcg","Hair Stylists","Event Planning & Services","Cosmetics & Beauty Supply"
"wFNxIIn4G2hf6R8PJPU5w","Tires","Waxing","Hair Salons"
"HzEYCOPszY0BH1sqTdwa9A","Contractors","Auto Repair","Education"
"0zC1EGTJFd5xPjHruQMZQ","General Dentistry","Cosmetic Dentists","Dentists"
"HedTudf5G6B1rpdhH1CQ","Flowers & Gifts","Home Decor","Professional Services"
"gvBADstbU8dIMRltN3eA","Hair Removal","Auto Repair","Massage Therapy"
"NNkxbl9EpauespBHb7JNoA","Flowers & Gifts","Event Planning & Services","General Dentistry"
"EVl5rbR90yb9vqyq4o5K3A","Hair Removal","Furniture Stores","Electronics"
"dja9beNvddSmXxn8At5aQ","Ice Cream & Frozen Yogurt","Breakfast & Brunch","Sporting Goods"
"wKNnjBz2UjdhtlrZtq9aw","Hair Stylists","Hair Salons","Nail Salons"
"Dk1upHQNYVIkR5ky3sL7A","Electronics","Auto Repair","Furniture Stores"
"5md4i4diIWMNYQgHMjNbg","Breakfast & Brunch","Hotels & Travel","Gas Stations"
"dcOTPSLXZvJnJjm6bDYA","Auto Repair","Auto Parts & Supplies","Automotive"
"hSyAdVKS9mttVVxMpEQRBQ","Hair Stylists","Coffee & Tea","Auto Parts & Supplies"
"4hukhycDlOIhTMZcN3w","Eyelash Service","Nail Salons","Hair Salons"
"6ockUmdOBYBApEsUCJkBzA","Ice Cream & Frozen Yogurt","Juice Bars & Smoothies","American (Traditional)"
"gWqwzJTx8g588U3f7BkZnw","Hair Stylists","Massage Therapy","Hair Salons"
"8XUyss7r1or5HxuIlWK2ZQ","Contractors","Real Estate","Auto Repair"
"JDU3pZDynB6l8swzVlQA","Barbers","Massage Therapy","Massage"
"JOhCJISMK3szRWhg2e0A","Ice Cream & Frozen Yogurt","Juice Bars & Smoothies","Breakfast & Brunch"
"ASg9gG8x4IaaYnePCBa2Kg","Ice Cream & Frozen Yogurt","Italian","Specialty Food"
"3pSUrcdrphurO6m1HMP9A","Ice Cream & Frozen Yogurt","Asian Fusion","Arts & Entertainment"
"Wipy66VvmSaLLX7OMNlU2A","Auto Repair","Auto Parts & Supplies","Medical Centers"
"TcTqwLLEuIT2oGbEeGMDJg","Auto Repair","Breakfast & Brunch","Auto Parts & Supplies"
"UH7xZZipHLFGLq9OAzj3g","Beauty & Spas","Day Spas","Hair Removal"
"6TDdpon8LosFXvjL9QJdYg","Hair Stylists","Hair Salons","Massage Therapy"
"AwcNjlTqWBObQ9XXCFpg2g","Pet Services","Furniture Stores","Pets"
"sl0JapB6x1VKUVY2PyJ7rA","Breakfast & Brunch","Cafes","Coffee & Tea"
"5t570crNbH4YmGlJErog","Doctors","Real Estate","Oil Change Stations"
"SWZ7Gv80ozoYy4DWKCw48g","Juice Bars & Smoothies","Ice Cream & Frozen Yogurt","Seafood"
"cNEMXz1IWVv9YweDNlWi0Q","Sporting Goods","Cosmetic Dentists","Furniture Stores"
"gXU8gjs64viFq69UTsCjDw","Cosmetic Dentists","Cosmetics & Beauty Supply","Doctors"
"Mie7AsXtQUOEpHTMpk5Z2A","Gyms","Fitness & Instruction","Trainers"
"QOE93SXgKd8EsaUTDaXhA","Ice Cream & Frozen Yogurt","Coffee & Tea","Home & Garden"
"pInDxskIAcXxbQ5lDIZQ","Breakfast & Brunch","Asian Fusion","Juice Bars & Smoothies"
"v7jTlmm06g0uwdpvCvbqbw","Beauty & Spas","Day Spas","Cosmetic Dentists"
"3dLHLQ7KxPv7AAejrL5ukw","Eyelash Service","Hair Salons","Nail Salons"
"gJhMeq2nVH27tz8LqbD3eQ","Arts & Entertainment","Hotels & Travel","Hotels"
"vyMYESwDpWa1pRSUBBM4XA","Flowers & Gifts","Event Planning & Services","Fitness & Instruction"
"l1GJnB9TJgGgEeI4at1M0A","Ice Cream & Frozen Yogurt","Mexican","Salad"
"odr7wuHWQeA0r9iUWZml8w","Local Services","Professional Services","Home Services"
"grvkjaJB9aorAMIjGD6XSg","Auto Repair","Tires","Auto Parts & Supplies"
"zXvtouoaOsL0Bp0udugAjQ","Hotels & Travel","Fitness & Instruction","Hotels"
"bmS1onKPckNWPPREDAC8Gw","Hair Salons","Event Planning & Services","Nail Salons"
"qMyYY8zpHusOXUd6wmqX2w","Asian Fusion","Auto Repair","Auto Parts & Supplies"
"okgI89cCzqzMTUPCeBew","Flowers & Gifts","American (Traditional)","Education"
"YSdxFINzbpbwXRtPd1FxQ","Auto Repair","Automotive","Auto Parts & Supplies"
"EpPOZAG0u7qHPjv5HjFUg","Ice Cream & Frozen Yogurt","Seafood","Salad"
"wc7vEJocrLXu3ny7y2Tag","Auto Parts & Supplies","Auto Repair","Automotive"
"SSCH4Z2gwhh2KZy7aH4qw","Breakfast & Brunch","Ice Cream & Frozen Yogurt","Coffee & Tea"
"sBfEBOoKgWcYhLXt7i3nw","Auto Repair","Automotive","Auto Parts & Supplies"
"ediUPuffMZsni4AAN61w","Mexican","Sporting Goods","Auto Parts & Supplies"
"g6LoVN4geIRdABs8wezw","Pet Services","Pets","Juice Bars & Smoothies"
"WvwENsHY5kYIiL7xU2wF8Q","Massage Therapy","Massage","Day Spas"
"DY6jiQftRsbrlfaEibOaAA","Hair Stylists","Hair Salons","Health & Medical"
"5SJIUeayoebPjCaSasfWZA","Ice Cream & Frozen Yogurt","Doctors","Auto Repair"
"rzIEdF0V3qedf7T5loVvsA","Ice Cream & Frozen Yogurt","Pubs","American (Traditional)"
"vJLIzMHqbFYss5dwkDNpA","Hair Stylists","Hair Salons","Nail Salons"
"dEGxMMrelPO5T6FXklHOw","Auto Repair","Electronics","Doctors"
"ZPelfio4hB7EzLtNtD5PQ","Health & Medical","Pets","Pet Services"
"SJYUvd7zgPsCIGYvdYRA","Massage Therapy","Massage","Coffee & Tea"
"xM85pGuYSvLTUEfm3Nm5uA","Health & Medical","Massage Therapy","Doctors"
"VIeM1YbBJ3ZqFqoY8yUgw","Auto Repair","Auto Parts & Supplies","Event Planning & Services"
"GSaU7xmPPArq7uY5kbAg","Juice Bars & Smoothies","Ice Cream & Frozen Yogurt","Coffee & Tea"
"SbI9phUuuFPh1j3zxIvO2g","Home & Garden","Contractors","Pet Services"
"8pRVvHd7GDNLbWCUcaX36A","Pet Services","Hair Removal","Pets"
"eWX0XKKick8Z44QGlsO4Lw","Event Planning & Services","Arts & Entertainment","Professional Services"
"ZcOxoOXKgK5HmSQvUqHBNQ","Health & Medical","Doctors","Medical Centers"
"9fBwxdHyJRS1nLkMJ8cavw","Auto Repair","Auto Parts & Supplies","Tires"
"jqQwHUrZk8M6uPPw3CPoFg","Waxing","Hair Salons","Nail Salons"
"eJcWplcnIx6lRmQoRFDw","Beauty & Spas","Hair Salons","Nail Salons"
"pzNgg9XpaHKuAY9b5ClIQ","Hair Stylists","Nail Salons","Hair Salons"
"56d3dE1LoZZMxAkTQvqew","Event Planning & Services","Skin Care","Hotels & Travel"
"U5Ow3ffmrG4MmTZLK6jdg","Ice Cream & Frozen Yogurt","Mediterranean","Salad"
"xjz22Lw9z7C2ACpiu2d0hA","Beauty & Spas","Hair Salons","Hair Removal"
"02hhtAO83rZBU1hflleElA","Mexican","Salad","Skin Care"
"tIX6o1jkLrrmsJIdGUjA5A","Auto Repair","Automotive","Hair Removal"
"9P23V64kYz3trn9ecaJJA","Seafood","Ice Cream & Frozen Yogurt","American (Traditional)"
"vfQ2icKIQ7CSNUd3pugoA","Contractors","Cosmetics & Beauty Supply","Auto Repair"
"tTNKDns4U8EsqaxCvQVtng","Oil Change Stations","Contractors","Sporting Goods"
"bcgpyqPjC81lODTHzLMhw","Contractors","Auto Repair","Auto Parts & Supplies"
"GzYAIjVULpRrFV2dQMKDog","Mediterranean","Italian","Cafes"
"evTWdlBsQl6EMiVcm0fXww","Nightlife","Juice Bars & Smoothies","Bars"
"yMeyFt8ktPvzN0qFYLljMw","Auto Repair","Medical Centers","Automotive"
"TcQW4DNawqXGACLawaieyg","Pets","Health & Medical","Auto Parts & Supplies"
"8gDBvHXqHguVZJPsq5cTZg","Waxing","Hair Salons","Ice Cream & Frozen Yogurt"
"jH72pWtc1KXavB3zNtOu9A","Furniture Stores","Pets","Contractors"
"LT0y32F1w2KGltoU0fSYg","Pet Services","Pets","Furniture Stores"
"TBBeSHTGuaK9Jv09j3iDuA","Beer","Restaurants","Massage Therapy"
"fDSQO4vC5HoxoecLIzmtg","Fitness & Instruction","Asian Fusion","Trainers"
"I02fZsl5otCPP1XRu0y40Q","Electronics","Active Life","Breakfast & Brunch"
"ay6VSfANiKOZvma7iZS0Q","Furniture Stores","Hotels & Travel","Hotels"
"aTlN0kN0gLycCd4uV1GmHw","Medical Centers","Electronics","Health & Medical"
"yawvvAWEqmBKp2olpCSnbQ","Arts & Crafts","Auto Repair","Auto Parts & Supplies"
"p1MZyPUMflxMARQ6I8X3Kw","Juice Bars & Smoothies","Mediterranean","Gas Stations"
"9vG7UBYjYLDNb3VS1EZqEw","Hair Removal","Hair Salons","Nail Salons"
"rkAxZDtaYtUIvllAub0P6w","Steakhouses","Juice Bars & Smoothies","Asian Fusion"
"fTBygTz5qYZpSsglgDbg","Fitness & Instruction","Cosmetics & Beauty Supply","Sporting Goods"
"GQkYDEjmgCWCYxsLqZPg","Hair Salons","Waxing","Hair Removal"
"m9eF1rD6Cnwn69z45cBLA","Delis","Specialty Food","Italian"
"jehAqzQ6Rs6xGn5LH7kDww","Nail Salons","Eyelash Service","Hair Salons"
"GpVk87Zw6IGXq5pPcuF7Sg","Beauty & Spas","Nail Salons","Hair Salons"
"BrHBBmcreBaICZNkLOOZXA","Cosmetics & Beauty Supply","Auto Parts & Supplies","Accessories"
"PhMfnMldVKXo7HqHw6DSrg","Juice Bars & Smoothies","Asian Fusion","Ice Cream & Frozen Yogurt"
"x9iowB154EIeeO832IdlQ","Barbers","Skin Care","Hair Salons"
"7anbmNh1V7mqgHVQYvd09g","Auto Repair","Auto Parts & Supplies","Electronics"
"nKph91qATrPCbJQwZjDZw","Gas Stations","Oil Change Stations","Tires"
"3xEO9oyGqfOO8eSlxYTBA","Day Spas","Beauty & Spas","Asian Fusion"
"zdFqaUk76GAWsDZgPSWGA","Real Estate","Gyms","Contractors"
"bNJMSgkabFWU5AL7gWw","Flowers & Gifts","Home & Garden","Event Planning & Services"
"n1dkll5Da4usT2MpnQuFg","Health & Medical","Doctors","Medical Centers"
"m8o3OrY0DWfqvk820EyrxQ","Electronics","Auto Repair","Cosmetics & Beauty Supply"
"ab3BhBFlkfvlUwg8w01g","Flowers & Gifts","Auto Repair","Auto Parts & Supplies"
"cf6Qd6k1AEvAsECr4fXkyQ","American (Traditional)","American (New)","Gas Stations"
"UqZ9Uld1Vz3GS01WaiDOBw","Massage Therapy","Jewelry","Flowers & Gifts"
"7VfktTKKixMGdS2K71Urw","Trainers","American (Traditional)","Furniture Stores"
"5Daylf10DyvKk9tmKqjRA","Specialty Food","Beer","Juice Bars & Smoothies"
"JjwaWCK73efAwVZRksWSw","Ice Cream & Frozen Yogurt","Mediterranean","Juice Bars & Smoothies"
"7QSFLU0AGAUqwnQWg3qHqQ","Gas Stations","Education","Auto Repair"
"yzOpvalbaKF6QRas5VDJw","Pet Services","Auto Parts & Supplies","Nail Salons"
"tQJ4fgeTmuGQh0o4K4bg","Contractors","Coffee & Tea","Professional Services"
"zU6DqIWpn1G87YbzHBxtA","Contractors","Pet Services","Breakfast & Brunch"
"IlsxDj7OhvFKge4lcZkX8g","Event Planning & Services","Fitness & Instruction","Active Life"
"52yWGkwnrQXIjvuMjYxsiA","Delis","Ice Cream & Frozen Yogurt","Italian"
"G0KaActEId2wz0fQMPKPw","Auto Repair","Auto Parts & Supplies","Oil Change Stations"
"HqIKlhg6OKhpBfEvMwSIwA","Ice Cream & Frozen Yogurt","Accessories","Event Planning & Services"
"ZQCu2fgGoatxA6aAm82axQ","Pubs","Arts & Crafts","Beer"
"kafUXRNfQm3eU14S2WbmA","Italian","Salad","Specialty Food"
"FR2XNAoGmWaFMDgkEjwptQ","Hair Stylists","Hair Salons","Hair Removal"
"JjcJVqhZXhP4tvOhg3fnag","Gas Stations","American (New)","American (Traditional)"
"rry0ESbBfS9sacxsUVqg","Jewelry","Education","Event Planning & Services"
"32JWhoHKiu1wRFTvHvW9Q","Ice Cream & Frozen Yogurt","Salad","Juice Bars & Smoothies"
"lsHmnOZNlsKnEDsNmT5Q","American (New)","American (Traditional)","Auto Parts & Supplies"
"P434fL0CIv9S2cJykvG5Q","Beauty & Spas","Waxing","Hair Salons"
"m9tqikMMYkKWYFCpk2Vw","Barbers","Mexican","Active Life"
"56jlcGj5X9SpM2KzLm4A","Eyelash Service","Hair Removal","Nail Salons"
"raZj7ddNFTav4LSEPp2llg","Accessories","Furniture Stores","Shopping"
"6RXzfIIkpSyGDlZbYy4k3A","Electronics","Cosmetic Dentists","Auto Repair"
"rO9C7wNGUCPyNAFNdiHLQ","Health & Medical","Massage Therapy","Fitness & Instruction"
"HRxCNChQNu7maK29qviS7A","Cosmetics & Beauty Supply","Arts & Crafts","Fitness & Instruction"
"xmHD47wkA9LrdFhIcXCKyw","Pet Services","Furniture Stores","Pets"
"KmeQRK6Rs05S9mOuvEg","Contractors","Furniture Stores","Cosmetic Dentists"
"eKVCZlOkvf7gsHazOXdLQ","Jewelry","Juice Bars & Smoothies","Hair Removal"
"PtJ02ZaHGB7yQxMHI7hDMw","Ice Cream & Frozen Yogurt","Desserts","Specialty Food"
"YrAbFa8KCGdEzQuICmFQ","Cosmetics & Beauty Supply","Doctors","Auto Repair"
"Z0GZ8ZSkZ3Uq0dL2jf8w","Event Planning & Services","Jewelry","American (New)"
"7NX8yDzFMPs35RtlPLcsBA","Cosmetics & Beauty Supply","Medical Centers","Auto Repair"
"i1qbDDkvf0RlmkxewkHyA","Cosmetic Dentists","Automotive","Coffee & Tea"
"J9vAdD2dCpFuGsxPIn184w","Ice Cream & Frozen Yogurt","Seafood","Desserts"
"gzDTRVYgHDyUmKmRu6pedg","Auto Repair","Auto Parts & Supplies","Hotels & Travel"
"MI20v3QRDrCVXgpzjeAg","Salad","Italian","Home & Garden"
"Xqu75Zj2v7ZGdyTNA7NG3Q","Pet Services","Pets","Hair Removal"
"nByrVglJKHBabl2BvvUnA","Pets","Real Estate","Active Life"
"oki9dBSGNqNP6fF3thB8Q","Auto Repair","Auto Parts & Supplies","Shopping"
"z7XuLXll87QuDjPO2QVMDg","Cosmetic Dentists","Dentists","General Dentistry"
"D2D2qsxifHaRqNlVhP3YTA","Furniture Stores","Accessories","Real Estate"
"7YJrRufp0tlNnihJyXeg","Auto Parts & Supplies","Auto Repair","Coffee & Tea"
"HGdk9u3YIEkUsS4nYP7yZA","Auto Repair","Auto Parts & Supplies","Contractors"
"NKg7XSXPlU8NGakmCeXGgw","Auto Repair","Gas Stations","Hotels & Travel"
"UT1zaQ2nGHK45Vq4thRYw","Auto Repair","Auto Parts & Supplies","Oil Change Stations"
"VsajJwiaIvVbxQ0aWCTxg","Nightlife","Hotels & Travel","Event Planning & Services"
"xfYOxovSC3ehw0yBzUZGLQ","Ice Cream & Frozen Yogurt","Local Services","Professional Services"
"IhNASEZ3XnBHmuuVnWdIwA","Ice Cream & Frozen Yogurt","Juice Bars & Smoothies","Coffee & Tea"
"np1Ck48TIOFmlNruxzpJfA","Health & Medical","Massage Therapy","Medical Centers"
"HHu9VyoA7RB1AR2NIFiT7g","Breakfast & Brunch","Flowers & Gifts","Hotels & Travel"
"MmfqdfguEgRCrugA8qed6A","Real Estate","Cosmetics & Beauty Supply","Beauty & Spas"
"NW2flon30tSRIDGxdjnnA","Arts & Entertainment","Flowers & Gifts","Active Life"
"iBPyahdJRP5y0t25fF2W9w","Breakfast & Brunch","Hotels & Travel","Specialty Food"
"BLvcA14BVJYSPjaVnNUKFg","Ice Cream & Frozen Yogurt","Juice Bars & Smoothies","Coffee & Tea"
"E7ZE01pvRgeWEpM0SJ8AQ","Eyelash Service","Education","Cosmetic Dentists"
"4JdoQ95uXyzoHmPhtdiA","Hair Removal","Pet Services","Pets"
"CeEogZjMVZUT16bQq8LHQ","Health & Medical","Fitness & Instruction","American (New)"
"73kJo3Yg6jGoXRkEYTIJg","Fitness & Instruction","Arts & Entertainment","Arts & Crafts"
"QTaa7PvSXU7s1d4CsNgWmQ","Active Life","Accessories","Sporting Goods"
"lH0Ph4DiYSqj9UJBXAq8hQ","Furniture Stores","Auto Parts & Supplies","Sporting Goods"
"AR0ZBtfc4EydtlpxfeBWg","Oil Change Stations","Tires","Auto Repair"
"AwlvIsKDqB5LeKNWC6k4kQ","Arts & Entertainment","Arts & Crafts","Home & Garden"
"DG7blxT5FHAlQGG8A92ZXQ","Pet Services","Furniture Stores","Pets"
"tQUdEckIHoIKoUpr90d0A","Gyms","Trainers","Fitness & Instruction"
"iJy7ameVQsas8IA6nGhywg","Cosmetic Dentists","General Dentistry","Dentists"
"DgLrAuOKilHSeH8gFheEw","Hair Stylists","Hair Salons","Nail Salons"
"mssLiOfL1vtoNo3WoEoJw","Mexican","Salad","Specialty Food"
"hZGKkR7SyB6sABAoiXyA","Nail Salons","Hair Salons","Massage Therapy"
"AxKgZHxyVoBBHNyOESAg","Auto Repair","Auto Parts & Supplies","Medical Centers"
"jcsan4Rl4RARDIuv7tXz5Q","Pet Services","Furniture Stores","Contractors"
"PNRSuNZyLLEo1gmHtb0CXA","Health & Medical","Auto Repair","Auto Parts & Supplies"
"MueAEUT6iqRyOvuIZ5Ixaw","Hair Removal","Italian","Contractors"
"pIBmepGK6xMZBC20mZw","Hair Stylists","Barbers","Hair Salons"
"PNbX4mT6krRyI0il8Il4Q","Auto Repair","Auto Parts & Supplies","Tires"
"lOYv3HSPkO8hy1jaoERRw","Pet Services","Event Planning & Services","Local Services"
"qkoDky591Z6K4IYhlbtNw","Hair Stylists","Hair Salons","Barbers"
"J5TVwnEtNNAWOndZtJig","Medical Centers","Tires","Auto Parts & Supplies"
"RdUsJhX11B0gENNc4Ml5vw","Breakfast & Brunch","Specialty Food","Ice Cream & Frozen Yogurt"
"BFHTQKVr92xWGyES3UKA","Doctors","Electronics","Arts & Entertainment"
"V6HvKxaFcOF5BpVCWaPmg","Auto Repair","Medical Centers","Active Life"
"O7UMzd3iZk8dMeyY9ZwoA","Ice Cream & Frozen Yogurt","Asian Fusion","Coffee & Tea"
"uFvx7k8XxQjy0nFhu8ENQ","Cosmetics & Beauty Supply","Ice Cream & Frozen Yogurt","Coffee & Tea"
"1e7GXqhVDs0UXUofjTkVgQ","Real Estate","Contractors","Cosmetics & Beauty Supply"
"MPLfrpdHn9lnzENmoYiA","Hair Removal","Hair Salons","Skin Care"
"XBfvbNHOjifRyhzOKuEw","General Dentistry","Cosmetic Dentists","Dentists"
"UyxVtMWnlfRlweWLlonCLw","Flowers & Gifts","Event Planning & Services","Accessories"
"oRlSv2vCeUxUuByv7TX7A","Real Estate","Auto Repair","Contractors"
"DxA1Y8TpIepUWcJMGLYDLg","Auto Repair","Auto Parts & Supplies","Automotive"
"FgP9iwQLzrR0Y3STq3JS4A","Massage Therapy","Day Spas","Beauty & Spas"
"uQlnEOPmGYLFn5nb3qDEtQ","Nightlife","Real Estate","Gas Stations"
"x2NuIlQgvvl3Wtq8ipZC6Q","Health & Medical","Pets","Pet Services"
"0lhQjqxsXuHgcSXiyjIKQ","Cosmetic Dentists","General Dentistry","Dentists"
"YBbev1J6ShVcPLKg1sXg","Ice Cream & Frozen Yogurt","Juice Bars & Smoothies","Coffee & Tea"
"0d31NEyTFbx2J56DPJA","Ice Cream & Frozen Yogurt","Coffee & Tea","Specialty Food"
"CllWR8oLNzOXABf3dgNvA","Pet Services","Furniture Stores","Pets"
"O3xJVGXePdnZST8O0sy6g","Electronics","Auto Repair","Auto Parts & Supplies"
"Fy1mU2z06UsRgu88ELNOA","American (Traditional)","Mexican","Skin Care"
"C9QNd6qXSRgSy8n4OBf2mA","Ice Cream & Frozen Yogurt","Bakeries","Coffee & Tea"
"jikjjW1bN0swCMguFazcxg","Real Estate","Active Life","Flowers & Gifts"
"AA4lxVlnFnmQL5g0jgLDTg","Ice Cream & Frozen Yogurt","Coffee & Tea","Desserts"
"q6rBjPhagDYNq1Q1btzg1Q","Contractors","Hair Removal","Furniture Stores"
"JMkBrqzBKFtVgmpyAy3jKQ","Skin Care","Massage Therapy","Massage"
"1aVbXH4uQCTQU7HfGmyow","Ice Cream & Frozen Yogurt","Juice Bars & Smoothies","Coffee & Tea"
"HvSliqaxluBylII59CQVBg","Auto Repair","Asian Fusion","Cosmetic Dentists"
"y5bQlEMCMnYba9I5XRzlzA","Delis","Ice Cream & Frozen Yogurt","Italian"
"xYIjSJZbiK0nDxdC8LFwJw","Massage Therapy","Hotels & Travel","Massage"
"qNGexUR4IG8eSfs7USrRtA","Auto Parts & Supplies","Fitness & Instruction","Hotels & Travel"
"o4nn1EZU39fE7zMuCyXiA","Massage Therapy","Day Spas","Beauty & Spas"
"hqJMHaqpyL63NhRUqv9eyQ","Juice Bars & Smoothies","Coffee & Tea","Ice Cream & Frozen Yogurt"
"KDh82ODr4adz9ck6ltQYQ","Health & Medical","Arts & Entertainment","Arts & Crafts"
"9qWjF5SiK2MGnu6wBcpw","Juice Bars & Smoothies","Ice Cream & Frozen Yogurt","Fitness & Instruction"
"MUHpxyrdwAyghqJF8I7TQ","Pet Services","Pets","Event Planning & Services"
"h8JaGUKEc657cUnAXLE42Q","Accessories","Furniture Stores","Auto Parts & Supplies"
"KYKc7At4gH6T2qQ6JJ3wLw","Auto Repair","Contractors","Nail Salons"
"O1J2zfIGDxDig8WifUSrg","Auto Repair","Automotive","Auto Parts & Supplies"
"QEE5vBdRf2tuchmZQ3HKg","Pet Services","Pets","Furniture Stores"
"5i36Ob9U0cDxPk389dUlw","Auto Repair","Auto Parts & Supplies","Asian Fusion"
"pmp0GowinCJeVMOnxNuZTQ","Auto Repair","Ice Cream & Frozen Yogurt","Gas Stations"
"AnNjZfF7KYRvPljtv9g","Hair Stylists","Barbers","Massage Therapy"
"oaKIZDt0R1qylXeQoSYIg","Auto Repair","Auto Parts & Supplies","Contractors"
"80J9QfTbDYBk88rhd826dA","Auto Repair","Auto Parts & Supplies","Oil Change Stations"
"xEuBPTBLv16vNvHg4DTHQ","Barbers","Hair Salons","Hotels & Travel"
"EZRl9nOwcaED93NnFakvHw","Ice Cream & Frozen Yogurt","Coffee & Tea","Accessories"
"4S358eahT9dfeKpnB1U46Q","General Dentistry","Cosmetic Dentists","Dentists"
"RuPGJeuIapA9lg8bE6nuug","Auto Parts & Supplies","Skin Care","Health & Medical"
"hzAOz6E9gpQf6i6ciHmIPw","Fitness & Instruction","Specialty Food","Event Planning & Services"
"Gpf7Ts64tYUDSExkwQ9SSQ","Auto Repair","Cosmetics & Beauty Supply","Auto Parts & Supplies"
"tSfo4rtIZqb7S3jytzm5A","Contractors","Auto Repair","Auto Parts & Supplies"
"kvxORTcjQyT4C6Ua6pA","Auto Repair","Auto Parts & Supplies","Professional Services"
"iNDTltptdI3PYOxxXtnyLQ","Contractors","Home & Garden","Auto Repair"
"ocfRQyIe2NizLLoYmdK1Xg","Sporting Goods","Tires","Accessories"
"JDByKm5mhk0mYC85swSSg","Furniture Stores","Contractors","Hair Removal"
"BdCn0YbE32nUMfijUP5w","Ice Cream & Frozen Yogurt","Auto Repair","Auto Parts & Supplies"
"28yYO3uXuVZbE3YsvVHahg","Juice Bars & Smoothies","Bars","Beer"
"7RokluwjovXF77EQx6Dc0g","Hair Stylists","Hair Salons","Nail Salons"
"AbHdwEfXJWqGHqabTb5S5A","Sporting Goods","Juice Bars & Smoothies","Accessories"
"8vmuInQkTrRgCxlxo5ymw","Beauty & Spas","Waxing","Hair Salons"
"k9b96JXlNewj36ddrce9Jw","Breakfast & Brunch","Home & Garden","Desserts"
"ET48I31xcpvFBIq4RKZPpg","Auto Parts & Supplies","Auto Repair","Arts & Entertainment"
"Ta9m6G8P0pA5nuAJomjQqQ","Auto Repair","Auto Parts & Supplies","Real Estate"
"t9W24Fq8EljFz0XZXyUkQ","Fitness & Instruction","Coffee & Tea","Home Decor"
"igPCZTC4rf1E1kgBJ4sLOw","Auto Repair","Auto Parts & Supplies","Tires"
"fF4RanPBRJ4axvNLSD9XVw","Auto Repair","Auto Parts & Supplies","Sporting Goods"
"q2GzUNQj998GSC8IhkN9hg","Ice Cream & Frozen Yogurt","Mediterranean","Salad"
"407jyweZL39WScJazVBMQ","Specialty Food","Juice Bars & Smoothies","Bars"
"3C0bnFhjkgYP9mWORKg6cA","Specialty Food","Arts & Entertainment","Salad"
"fCYAWOefj4jHb5jenFXD8g","Cosmetic Dentists","Real Estate","Furniture Stores"
"ZiOWBZAgaiVJGu7nX8IgQ","Seafood","Ice Cream & Frozen Yogurt","Specialty Food"
"8MBPCwQKFlLJqQhzXddA","Accessories","Flowers & Gifts","Cosmetics & Beauty Supply"
"wIxYAU2jaT6Y9bInc5MXA","Cosmetic Dentists","General Dentistry","Dentists"
"9XfA7NMNKkGbH7yXc8G75A","Pet Services","Auto Repair","Local Services"
"jGlk7K1IB8XyhlBEmeEHQ","Pet Services","Pets","Furniture Stores"
"EtNXaL2cOcrxQX8WUUhwsw","Flowers & Gifts","Event Planning & Services","American (Traditional)"
"TBWis7BxQfSxDLWs3DpoA","Pet Services","Real Estate","Furniture Stores"
"883p8Iq1DGAcrP6GU5XRog","Sporting Goods","Furniture Stores","Jewelry"
"GnGjeLuG4EmjcYrhHlvP7Q","Furniture Stores","Arts & Entertainment","Electronics"
"BPAm6JH34HB9FG5Jx1Nig","Seafood","Salad","Specialty Food"
"ZhMTztc2PsoXb2jZZdQZfg","Massage Therapy","Health & Medical","Massage"
"xZpZvAqZSla5c72CuNKnJA","Sporting Goods","Accessories","Auto Parts & Supplies"
"ir3290jmmZUZYa2Z600PIA","Health & Medical","Education","Medical Centers"
"uVbmYmuD5oi6PzujOwgA","Ice Cream & Frozen Yogurt","Juice Bars & Smoothies","Restaurants"
"FzaNlxDCq7LA5O6ydvmw","Auto Repair","Auto Parts & Supplies","Oil Change Stations"
"gVhX5xcnGjHE3mF2eXqKYg","Arts & Crafts","Arts & Entertainment","Auto Parts & Supplies"
"W3HI9tfQ8DAAJdkVWz5dQw","Pet Services","Real Estate","Furniture Stores"
"KTI9e6Dbw5xu1zKvuKFNiQ","Tires","Auto Parts & Supplies","Asian Fusion"
"uPJxxt2Qn8uGT2NJvzcGYg","Pet Services","Hair Removal","Furniture Stores"
"Nc7cqq5k0WZsVhu25QrmNQ","Auto Repair","Auto Parts & Supplies","Electronics"
"sVdGXBgEv5DOlLuFoprhQ","Nail Salons","Hotels & Travel","Sporting Goods"
"68O4uYCd0YToLOLqHTBSZQ","Arts & Entertainment","Salad","Hotels & Travel"
"CQxhyLM833WF45yrS9yeAA","Pets","Health & Medical","Pet Services"
"nfDPXxOOVAU6OpI9sl3Flw","Juice Bars & Smoothies","Beer","Coffee & Tea"
"bllbhpF4iReTO68tG0WgkQ","Massage Therapy","American (Traditional)","Massage"
"BolK3j0LiGtxYxfRhGJFvA","Furniture Stores","Health & Medical","Medical Centers"
"BCSofuQwu1VE8wjzDaQ3qQ","Juice Bars & Smoothies","Bars","American (Traditional)"
"sBm7kXdd63sIvIb3bp1MQ","Massage Therapy","Day Spas","Beauty & Spas"
"kR4NBNFf5SLpeAtZuPoPg","Ice Cream & Frozen Yogurt","Italian","Desserts"
"Delyh0oCJJGPta5WeSlA","General Dentistry","Electronics","Cosmetic Dentists"
"OJxLUNDWJv7jmNJxBo53A","Furniture Stores","Flowers & Gifts","Arts & Entertainment"
"G4hjhtAwQtSOGpgGlDjw","Ice Cream & Frozen Yogurt","Seafood","Mexican"
"fR2v1bU3jbWVJ0UuMmeHw","Specialty Food","American (Traditional)","Ice Cream & Frozen Yogurt"
"h1Jq1YlqPyD1mGSW0sjRaQ","Auto Parts & Supplies","Auto Repair","Arts & Entertainment"
"w1fJzm0ladnhvT7Jc0MJ6w","Barbers","Hair Salons","Nail Salons"
"IZKjHtCuRlbhyD1WtGd8uA","Nightlife","Event Planning & Services","Arts & Entertainment"
"Syk1I7nPaE2t6HWVO0nZA","Hair Removal","Health & Medical","Medical Centers"
"jKN5rK1p9iKFjChWVdb6Ww","Nightlife","Juice Bars & Smoothies","Bars"
"kOsLCcNDWii4Bg4evWANxw","Arts & Entertainment","Electronics","Pet Services"
"u7cg4p9Umh5HKyU7Jl6vQ","Hair Stylists","Nail Salons","Hair Salons"
"ZghQ7ilYOCkGr9MhjlLjBA","Auto Repair","Auto Parts & Supplies","Automotive"
"QNHmtZSfFEyIvuKe73DzMA","Nail Salons","Pets","Pet Services"
"sqnr6XgcNNk26GHPq1IpA","Hair Stylists","Hair Salons","Oil Change Stations"
"0bjFYstj8USMzEV4ZQldjA","Coffee & Tea","Ice Cream & Frozen Yogurt","Specialty Food"
"KUOt2xUcGxpVPezXZAzQ","Oil Change Stations","Auto Repair","Auto Parts & Supplies"
"u3exVNGKE0iJ7nnxS3BbA","Juice Bars & Smoothies","Ice Cream & Frozen Yogurt","Coffee & Tea"
"cfuFIFZk4u7A48yn3y10Zw","Breakfast & Brunch","Ice Cream & Frozen Yogurt","Desserts"
"rubyBEGXLBLUJAuEtKEuw","Flowers & Gifts","Home & Garden","Cosmetics & Beauty Supply"
"ZHoTQbkhGcLw9OqrTiZQ","Home & Garden","Flowers & Gifts","Mexican"
"gv25mX4GkYnKaEqTNNMnQ","Pet Services","Furniture Stores","Auto Parts & Supplies"
"Q3SAIIFURXZu421zG17N0A","Ice Cream & Frozen Yogurt","Beer","Fast Food"
"ydXEHoJBsY4cOdotR4eNw","Hair Stylists","Hair Salons","Nail Salons"
"tMBdSpCT65N9JhoBWZLNQ","Cosmetic Dentists","General Dentistry","Dentists"
"QtxTLatcq133Pfnl90ZB9Q","Mediterranean","Seafood","Salad"
"ZKUIoogqjFJyLNP0TW3A","Electronics","Auto Repair","Furniture Stores"
"M3P8cBifSwYorQU38Dqpg","Fitness & Instruction","Jewelry","Auto Parts & Supplies"
"wiRJwuq4sCoTFCehR1WuOg","Furniture Stores","Contractors","Tires"
"2vIC2DIximgBjTRgbWwXA","Event Planning & Services","Health & Medical","Hotels & Travel"
"8LYul0GwtmoYOoXX1fpwg","Event Planning & Services","American (Traditional)","Gas Stations"
"7JVmDCwUVBs4UobLv01hLw","Auto Repair","Tires","Hair Removal"
"v6dqe7U2MVtaWyHbvtwtw","Massage Therapy","Day Spas","Beauty & Spas"
"TcSGXZhrdJi1mtwV0POTQ","Jewelry","Auto Repair","Fitness & Instruction"
"mmG1pgti52kCoDWSukdqqQ","Waxing","Nail Salons","Hair Salons"
"micICxePKxnPERTZr0xDQ","Auto Repair","Medical Centers","American (New)"
"A4NuAm6Ie1aYOtFQcrb0Q","Jewelry","Flowers & Gifts","American (New)"
"lZ9w5Hd5YlmqcTdnzztvA","Specialty Food","Coffee & Tea","Flowers & Gifts"
"2qSoPkVt7P9fgc6IDLA","Cosmetic Dentists","General Dentistry","Dentists"
"nqKLJ9q7jvnzRKW4RIu3qw","Furniture Stores","Oil Change Stations","Hotels & Travel"
"MgaFkl7CTZZfXUJ79FIWGQ","Arts & Entertainment","Auto Parts & Supplies","Auto Repair"
"ewmTwsZqCHH2gvCeDKz0dw","Ice Cream & Frozen Yogurt","Seafood","Salad"
"edbJTIt4IcQUt9jQTvuhg","Ice Cream & Frozen Yogurt","Hair Salons","Hair Removal"
"J6WnhToRaJ2TtLbRpKF3Lg","Nail Salons","Hair Salons","Waxing"
"RzXSaz2BjPBHeJzEIUKoQw","Breakfast & Brunch","Cafes","Coffee & Tea"
"WuH8ncHXNBvAna7tBX7xg","Massage Therapy","Oil Change Stations","Gas Stations"
"4eIFraJQ5sVZm3Wj6oMzAQ","Specialty Food","Juice Bars & Smoothies","Bars"
"oeRLD870Z76FD1OYW8jbSQ","Fitness & Instruction","Event Planning & Services","Day Spas"
"LlmiXzE08XKwI2e4JdA","Ice Cream & Frozen Yogurt","Oil Change Stations","Salad"
"Bv6MOsh4jaL1bHOZpkKlg","Auto Parts & Supplies","Hair Removal","Auto Repair"
"eNGEqOTCHTnqoOYszx8xoQ","Hair Stylists","Hair Salons","Nail Salons"
"FUFrBIHOdFXTLzD3JL1vQ","Cosmetic Dentists","General Dentistry","Dentists"
"1vLfv7foAu3tJ7vAEoKdA","Pet Services","Pets","Nail Salons"
"M0GUqlmY7crtQX3WFhxw","Waxing","Hair Salons","Nail Salons"
"5CTmFgqxx7nl8jzQK2DuA","Eyelash Service","Hair Salons","Nail Salons"
"BjnOE2PDjZcJmMMUMPiJig","Hair Stylists","Nail Salons","Massage Therapy"
"uet3BcIwFW487zxtePsrw","Cafes","Juice Bars & Smoothies","Coffee & Tea"
"efSbCWuU0FJbLmPC5CDfdg","Auto Repair","Auto Parts & Supplies","Tires"
"NA9WSNjAqJVzpgC29xURQ","Professional Services","Home Services","Local Services"
"cOqd9ou3uf1k3OWFoCQ","Salad","Seafood","Ice Cream & Frozen Yogurt"
"AbmwC69qKOhtstAWuXvLIg","Contractors","Auto Parts & Supplies","Cosmetics & Beauty Supply"
"Xk9vQupA97SSEvkB16otRg","Furniture Stores","Accessories","Sporting Goods"
"JxjY94b4EfrFVsDCEdP5dA","Tires","Auto Repair","Nail Salons"
"bh0dRmSXjNWZLRys2VmW6A","Sporting Goods","Fitness & Instruction","Trainers"
"VOKCaJMMSpAGgrx2RG7Ueg","Auto Parts & Supplies","Auto Repair","Fitness & Instruction"
"LRnzpnNQWwpN3Bu24W53CA","Ice Cream & Frozen Yogurt","Juice Bars & Smoothies","Coffee & Tea"
"TYDHF1WRblen2Gup0jQUg","General Dentistry","Doctors","Cosmetic Dentists"
"k5ddmLvAKKw9zSusRPM2cQ","Caterers","Breakfast & Brunch","Event Planning & Services"
"IjRMUEf19Y1MmIVjqGyS4g","Ice Cream & Frozen Yogurt","Coffee & Tea","Specialty Food"
"JMc6OcqMbLjQP0Rc07EAzA","Hair Salons","Beauty & Spas","Waxing"
"Ci5jgkoNYPjIkvcUQoilA","Contractors","Gas Stations","Auto Repair"
"2KadiQLTen9mNdXgKR5A","Ice Cream & Frozen Yogurt","Seafood","Oil Change Stations"
"hnpC4SaoajWJHh8U1EXUQ","Health & Medical","Nail Salons","Doctors"
"hM3TwxTeXWvdXZUiFkZ9g","Pet Services","Furniture Stores","Real Estate"
"nDpQjxCvO3hcOU9EUHAvZg","Event Planning & Services","Shopping","Auto Parts & Supplies"
"vfu0sv2UvbtsUjDF6MzZA","Medical Centers","Gas Stations","Auto Repair"
"ndTgznMYNe0n26VqzecEKQ","Pet Services","Furniture Stores","Pets"
"nv2z5SYQR0JlzflUrm00Mw","Juice Bars & Smoothies","Flowers & Gifts","Sporting Goods"
"1l1xbVgzRBr48dK6KHCL0w","Auto Parts & Supplies","Furniture Stores","Hotels & Travel"
"7RR1rbyEKKo2GRACqAfoA","Ice Cream & Frozen Yogurt","Salad","Beer"
"hk3mC8gDnSEJOtmbILDBA","Hair Stylists","Hair Salons","Nail Salons"
"qEY6ceR1HVogrvcQuKHnBQ","Pubs","Juice Bars & Smoothies","Bars"
"O4kYogia0fbF85pCX10XiA","Seafood","Ice Cream & Frozen Yogurt","Salad"
"7h08ecPN5bcW1Gp6UQZxNQ","Ice Cream & Frozen Yogurt","Specialty Food","Auto Repair"
"KcCEAftn9JiKPgad7y2lg","Real Estate","Contractors","Active Life"
"CPi7KGba3x3QjMmIqD4aWw","Oil Change Stations","Gas Stations","Pubs"
"hrlE8kBzCIqXaLuaVNC9w","Auto Parts & Supplies","Asian Fusion","Electronics"
"EDlGfPFcejyDvAOKpUgrKg","Flowers & Gifts","Auto Parts & Supplies","Cosmetics & Beauty Supply"
"zJjs7CxwU4GhdBdeRA","Coffee & Tea","Breakfast & Brunch","Sporting Goods"
"E94lGPASDOwEbbA3zvfxkg","Massage Therapy","Day Spas","Beauty & Spas"
"LUmwRZzVKZ9CM7FyHnDQ","Massage Therapy","Beauty & Spas","Day Spas"
"gAqckPMHgXQOnJ0G3OPgFw","Ice Cream & Frozen Yogurt","Flowers & Gifts","Oil Change Stations"
"stwEHZ4qMuhF8KmlI4EVw","Beauty & Spas","Day Spas","Health & Medical"
"zPxWTy2WOslWtKCr8B1nQ","Auto Parts & Supplies","Sporting Goods","Electronics"
"VMeXFzWwBF2PSHx6EpII4A","Mexican","Ice Cream & Frozen Yogurt","Breakfast & Brunch"
"sCsWzEMOlk6WVCEHjk1w","Electronics","Accessories","Auto Repair"
"VbalAZnu2w6NttIKfdjDg","Coffee & Tea","Ice Cream & Frozen Yogurt","Cafes"
"f4d8cyTwhxHnsrC1Ws4LQ","Hair Removal","Waxing","Skin Care"
"w6ptb6X7YsDiwllNhOMSQ","Hair Salons","Nail Salons","Jewelry"
"gqNGt711f0azWOBE5pihjQ","Auto Repair","Event Planning & Services","Furniture Stores"
"ENzLJkb8eXP8fGBzG5aGXg","Pet Services","Pets","Furniture Stores"
"q0iqz7ZQmOi7TqqciKVJYw","Ice Cream & Frozen Yogurt","Cafes","Desserts"
"iWZE0ZluD93zJqUTkujxg","Doctors","Eyelash Service","Cosmetic Dentists"
"5BSrguKmbBb9W4R5IvbW7w","Jewelry","Event Planning & Services","Education"
"UAZNEIX8tc8Kk5XFd4UA","Jewelry","Real Estate","Sporting Goods"
"cEU8yhCpCHywtImYeM1y5g","Auto Repair","Tires","Medical Centers"
"XfUg7AJJliNGNFseki2y3Q","Jewelry","Flowers & Gifts","Skin Care"
"Lcn8bGwxg3kilmtRbOn9ZQ","Pets","Health & Medical","Pet Services"
"EaDpmkkBnxPR5RjrZ0PCVA","Furniture Stores","Sporting Goods","Auto Parts & Supplies"
"vUJ08IkoUu5eaccWWFNIXg","Fitness & Instruction","Gyms","Trainers"
"ahGtKEHYxY3igWrTHh7FVQ","Breakfast & Brunch","Ice Cream & Frozen Yogurt","Cafes"
"3Ag1VmOTjJGaDHme5fKzXg","Pet Services","Furniture Stores","Pets"
"xCL38K0oPgK3ydzg4CrvKg","American (Traditional)","Specialty Food","Juice Bars & Smoothies"
"u2Z7wvTpZJzQEhfFBS06g","Auto Repair","Auto Parts & Supplies","Gas Stations"
"qHQPvp6pZ75fB63kOKUPqg","Pet Services","Furniture Stores","Hair Removal"
"Eim8jt0BY7EXikAAJ3hQ","Nail Salons","Hair Salons","Eyelash Service"
"6lgRm13PvA6iMGc7PmqK9Q","Ice Cream & Frozen Yogurt","Juice Bars & Smoothies","Coffee & Tea"
"XGMpMJ94OyHmAYRVMdEnGQ","Massage Therapy","Health & Medical","Massage"
"konatiSHu14lkfjntSao4g","Furniture Stores","Electronics","Sporting Goods"
"c5uSmULnX5XchbSyOoxlg","Pets","Pet Services","Furniture Stores"
"U3gKpibRclRzbKlUx6Rukg","Hair Salons","Nail Salons","Event Planning & Services"
"NpNyANi117d3TqMBpcMWPw","Event Planning & Services","Active Life","Home Decor"
"R7ARWB2oYf65SGxIXKXw","Real Estate","Event Planning & Services","Auto Parts & Supplies"
"shJPvAZ1pdUVm9DORQ6g3g","Hotels & Travel","Hotels","Event Planning & Services"
"jkUGeWyzxM8LTgtbFj5YAw","Fitness & Instruction","Gyms","Trainers"
"LaTu6zWyJsrZfCekL3tctg","Auto Repair","Auto Parts & Supplies","Automotive"
"jRxLnJ9my31ReO2MvQGhw","Asian Fusion","Mexican","Ice Cream & Frozen Yogurt"
"vT812nRctS62PVxUverayw","Asian Fusion","Seafood","Salad"
"Nrlso9qAZNUDqV3hQg2FA","Hotels & Travel","Massage Therapy","Hotels"
"YruYVhml6TGxHNzgrz8jFA","Gyms","Auto Parts & Supplies","Fitness & Instruction"
"t5JpYelGyKLuU2wP2zoCQ","Fitness & Instruction","Tires","Event Planning & Services"
"llPDpKhxanmdYNmWugckrQ","Nail Salons","Waxing","Hair Salons"
"kQGwxq5hOM9TLIwO8AjHvQ","Furniture Stores","Real Estate","Auto Parts & Supplies"
"dSwn4VldsPJpdyH8r98fow","Cosmetics & Beauty Supply","Massage Therapy","Waxing"
"QEgvfB8OUq5XUURbw2DA","Fitness & Instruction","Auto Parts & Supplies","Accessories"
"YTMbzy3SXiDtqQOfZRD7lw","Auto Repair","Auto Parts & Supplies","Automotive"
"DWzEDXeEyg0VakA09vOTg","Health & Medical","Pets","Pet Services"
"QXg8xvdDP8AqeOBPbrXMA","Cosmetic Dentists","Dentists","General Dentistry"
"cePE3rCuUOVSCCAHSjWxoQ","Ice Cream & Frozen Yogurt","Mediterranean","Salad"
"V2Q52jmcL5JvwxRRNFCSQ","Real Estate","American (New)","American (Traditional)"
"LUWMn6XeEDdXNsJaWJSoMw","Jewelry","Arts & Crafts","Auto Repair"
"HwfEGNYgE0UZ3aHgCTQCfw","Nail Salons","Hair Salons","Pet Services"
"Kp4i7on7rxFRkWceKfL2Ig","Arts & Entertainment","General Dentistry","Event Planning & Services"
"4QptQBr500iB7J19pFw","Jewelry","Medical Centers","Auto Repair"
"Wcos8wvTMjpAs50rxm1BQ","Cosmetic Dentists","General Dentistry","Dentists"
"GxiYMg1OyXN958bN87Vhw","Massage Therapy","Hair Stylists","Nail Salons"
"qxZlGhgCrJ48FUj9LWKg","Cosmetics & Beauty Supply","Auto Parts & Supplies","Breakfast & Brunch"
"hHq4qNDIWn6Ag9dgvAAcg","Hair Stylists","Event Planning & Services","Cosmetics & Beauty Supply"
"wFNxIIn4G2hf6R8PJPU5w","Tires","Waxing","Hair Salons"
"HzEYCOPszY0BH1sqTdwa9A","Contractors","Auto Repair","Education"
"0zC1EGTJFd5xPjHruQMZQ","General Dentistry","Cosmetic Dentists","Dentists"
"HedTudf5G6B1rpdhH1CQ","Flowers & Gifts","Home Decor","Professional Services"
"gvBADstbU8dIMRltN3eA","Hair Removal","Auto Repair","Massage Therapy"
"NNkxbl9EpauespBHb7JNoA","Flowers & Gifts","Event Planning & Services","General Dentistry"
"EVl5rbR90yb9vqyq4o5K3A","Hair Removal","Furniture Stores","Electronics"
"dja9beNvddSmXxn8At5aQ","Ice Cream & Frozen Yogurt","Breakfast & Brunch","Sporting Goods"
"wKNnjBz2UjdhtlrZtq9aw","Hair Stylists","Hair Salons","Nail Salons"
"Dk1upHQNYVIkR5ky3sL7A","Electronics","Auto Repair","Furniture Stores"
"5md4i4diIWMNYQgHMjNbg","Breakfast & Brunch","Hotels & Travel","Gas Stations"
"dcOTPSLXZvJnJjm6bDYA","Auto Repair","Auto Parts & Supplies","Automotive"
"hSyAdVKS9mttVVxMpEQRBQ","Hair Stylists","Coffee & Tea","Auto Parts & Supplies"
"4hukhycDlOIhTMZcN3w","Eyelash Service","Nail Salons","Hair Salons"
"6ockUmdOBYBApEsUCJkBzA","Ice Cream & Frozen Yogurt","Juice Bars & Smoothies","American (Traditional)"
"gWqwzJTx8g588U3f7BkZnw","Hair Stylists","Massage Therapy","Hair Salons"
"8XUyss7r1or5HxuIlWK2ZQ","Contractors","Real Estate","Auto Repair"
"JDU3pZDynB6l8swzVlQA","Barbers","Massage Therapy","Massage"
"JOhCJISMK3szRWhg2e0A","Ice Cream & Frozen Yogurt","Juice Bars & Smoothies","Breakfast & Brunch"
"ASg9gG8x4IaaYnePCBa2Kg","Ice Cream & Frozen Yogurt","Italian","Specialty Food"
"3pSUrcdrphurO6m1HMP9A","Ice Cream & Frozen Yogurt","Asian Fusion","Arts & Entertainment"
"Wipy66VvmSaLLX7OMNlU2A","Auto Repair","Auto Parts & Supplies","Medical Centers"
"TcTqwLLEuIT2oGbEeGMDJg","Auto Repair","Breakfast & Brunch","Auto Parts & Supplies"
"UH7xZZipHLFGLq9OAzj3g","Beauty & Spas","Day Spas","Hair Removal"
"6TDdpon8LosFXvjL9QJdYg","Hair Stylists","Hair Salons","Massage Therapy"
"AwcNjlTqWBObQ9XXCFpg2g","Pet Services","Furniture Stores","Pets"
"sl0JapB6x1VKUVY2PyJ7rA","Breakfast & Brunch","Cafes","Coffee & Tea"
"5t570crNbH4YmGlJErog","Doctors","Real Estate","Oil Change Stations"
"SWZ7Gv80ozoYy4DWKCw48g","Juice Bars & Smoothies","Ice Cream & Frozen Yogurt","Seafood"
"cNEMXz1IWVv9YweDNlWi0Q","Sporting Goods","Cosmetic Dentists","Furniture Stores"
"gXU8gjs64viFq69UTsCjDw","Cosmetic Dentists","Cosmetics & Beauty Supply","Doctors"
"Mie7AsXtQUOEpHTMpk5Z2A","Gyms","Fitness & Instruction","Trainers"
"QOE93SXgKd8EsaUTDaXhA","Ice Cream & Frozen Yogurt","Coffee & Tea","Home & Garden"
"pInDxskIAcXxbQ5lDIZQ","Breakfast & Brunch","Asian Fusion","Juice Bars & Smoothies"
"v7jTlmm06g0uwdpvCvbqbw","Beauty & Spas","Day Spas","Cosmetic Dentists"
"3dLHLQ7KxPv7AAejrL5ukw","Eyelash Service","Hair Salons","Nail Salons"
"gJhMeq2nVH27tz8LqbD3eQ","Arts & Entertainment","Hotels & Travel","Hotels"
"vyMYESwDpWa1pRSUBBM4XA","Flowers & Gifts","Event Planning & Services","Fitness & Instruction"
"l1GJnB9TJgGgEeI4at1M0A","Ice Cream & Frozen Yogurt","Mexican","Salad"
"odr7wuHWQeA0r9iUWZml8w","Local Services","Professional Services","Home Services"
"grvkjaJB9aorAMIjGD6XSg","Auto Repair","Tires","Auto Parts & Supplies"
"zXvtouoaOsL0Bp0udugAjQ","Hotels & Travel","Fitness & Instruction","Hotels"
"bmS1onKPckNWPPREDAC8Gw","Hair Salons","Event Planning & Services","Nail Salons"
"qMyYY8zpHusOXUd6wmqX2w","Asian Fusion","Auto Repair","Auto Parts & Supplies"
"okgI89cCzqzMTUPCeBew","Flowers & Gifts","American (Traditional)","Education"
"YSdxFINzbpbwXRtPd1FxQ","Auto Repair","Automotive","Auto Parts & Supplies"
"EpPOZAG0u7qHPjv5HjFUg","Ice Cream & Frozen Yogurt","Seafood","Salad"
"wc7vEJocrLXu3ny7y2Tag","Auto Parts & Supplies","Auto Repair","Automotive"
"SSCH4Z2gwhh2KZy7aH4qw","Breakfast & Brunch","Ice Cream & Frozen Yogurt","Coffee & Tea"
"sBfEBOoKgWcYhLXt7i3nw","Auto Repair","Automotive","Auto Parts & Supplies"
"ediUPuffMZsni4AAN61w","Mexican","Sporting Goods","Auto Parts & Supplies"
"g6LoVN4geIRdABs8wezw","Pet Services","Pets","Juice Bars & Smoothies"
"WvwENsHY5kYIiL7xU2wF8Q","Massage Therapy","Massage","Day Spas"
"DY6jiQftRsbrlfaEibOaAA","Hair Stylists","Hair Salons","Health & Medical"
"5SJIUeayoebPjCaSasfWZA","Ice Cream & Frozen Yogurt","Doctors","Auto Repair"
"rzIEdF0V3qedf7T5loVvsA","Ice Cream & Frozen Yogurt","Pubs","American (Traditional)"
"vJLIzMHqbFYss5dwkDNpA","Hair Stylists","Hair Salons","Nail Salons"
"dEGxMMrelPO5T6FXklHOw","Auto Repair","Electronics","Doctors"
"ZPelfio4hB7EzLtNtD5PQ","Health & Medical","Pets","Pet Services"
"SJYUvd7zgPsCIGYvdYRA","Massage Therapy","Massage","Coffee & Tea"
"xM85pGuYSvLTUEfm3Nm5uA","Health & Medical","Massage Therapy","Doctors"
"VIeM1YbBJ3ZqFqoY8yUgw","Auto Repair","Auto Parts & Supplies","Event Planning & Services"
"GSaU7xmPPArq7uY5kbAg","Juice Bars & Smoothies","Ice Cream & Frozen Yogurt","Coffee & Tea"
"SbI9phUuuFPh1j3zxIvO2g","Home & Garden","Contractors","Pet Services"
"8pRVvHd7GDNLbWCUcaX36A","Pet Services","Hair Removal","Pets"
"eWX0XKKick8Z44QGlsO4Lw","Event Planning & Services","Arts & Entertainment","Professional Services"
"ZcOxoOXKgK5HmSQvUqHBNQ","Health & Medical","Doctors","Medical Centers"
"9fBwxdHyJRS1nLkMJ8cavw","Auto Repair","Auto Parts & Supplies","Tires"
"jqQwHUrZk8M6uPPw3CPoFg","Waxing","Hair Salons","Nail Salons"
"eJcWplcnIx6lRmQoRFDw","Beauty & Spas","Hair Salons","Nail Salons"
"pzNgg9XpaHKuAY9b5ClIQ","Hair Stylists","Nail Salons","Hair Salons"
"56d3dE1LoZZMxAkTQvqew","Event Planning & Services","Skin Care","Hotels & Travel"
"U5Ow3ffmrG4MmTZLK6jdg","Ice Cream & Frozen Yogurt","Mediterranean","Salad"
"xjz22Lw9z7C2ACpiu2d0hA","Beauty & Spas","Hair Salons","Hair Removal"
"02hhtAO83rZBU1hflleElA","Mexican","Salad","Skin Care"
"tIX6o1jkLrrmsJIdGUjA5A","Auto Repair","Automotive","Hair Removal"
"9P23V64kYz3trn9ecaJJA","Seafood","Ice Cream & Frozen Yogurt","American (Traditional)"
"vfQ2icKIQ7CSNUd3pugoA","Contractors","Cosmetics & Beauty Supply","Auto Repair"
"tTNKDns4U8EsqaxCvQVtng","Oil Change Stations","Contractors","Sporting Goods"
"bcgpyqPjC81lODTHzLMhw","Contractors","Auto Repair","Auto Parts & Supplies"
"GzYAIjVULpRrFV2dQMKDog","Mediterranean","Italian","Cafes"
"evTWdlBsQl6EMiVcm0fXww","Nightlife","Juice Bars & Smoothies","Bars"
"yMeyFt8ktPvzN0qFYLljMw","Auto Repair","Medical Centers","Automotive"
"TcQW4DNawqXGACLawaieyg","Pets","Health & Medical","Auto Parts & Supplies"
"8gDBvHXqHguVZJPsq5cTZg","Waxing","Hair Salons","Ice Cream & Frozen Yogurt"
"jH72pWtc1KXavB3zNtOu9A","Furniture Stores","Pets","Contractors"
"LT0y32F1w2KGltoU0fSYg","Pet Services","Pets","Furniture Stores"
"TBBeSHTGuaK9Jv09j3iDuA","Beer","Restaurants","Massage Therapy"
"fDSQO4vC5HoxoecLIzmtg","Fitness & Instruction","Asian Fusion","Trainers"
"I02fZsl5otCPP1XRu0y40Q","Electronics","Active Life","Breakfast & Brunch"
"ay6VSfANiKOZvma7iZS0Q","Furniture Stores","Hotels & Travel","Hotels"
"aTlN0kN0gLycCd4uV1GmHw","Medical Centers","Electronics","Health & Medical"
"yawvvAWEqmBKp2olpCSnbQ","Arts & Crafts","Auto Repair","Auto Parts & Supplies"
"p1MZyPUMflxMARQ6I8X3Kw","Juice Bars & Smoothies","Mediterranean","Gas Stations"
"9vG7UBYjYLDNb3VS1EZqEw","Hair Removal","Hair Salons","Nail Salons"
"rkAxZDtaYtUIvllAub0P6w","Steakhouses","Juice Bars & Smoothies","Asian Fusion"
"fTBygTz5qYZpSsglgDbg","Fitness & Instruction","Cosmetics & Beauty Supply","Sporting Goods"
"GQkYDEjmgCWCYxsLqZPg","Hair Salons","Waxing","Hair Removal"
"m9eF1rD6Cnwn69z45cBLA","Delis","Specialty Food","Italian"
"jehAqzQ6Rs6xGn5LH7kDww","Nail Salons","Eyelash Service","Hair Salons"
"GpVk87Zw6IGXq5pPcuF7Sg","Beauty & Spas","Nail Salons","Hair Salons"
"BrHBBmcreBaICZNkLOOZXA","Cosmetics & Beauty Supply","Auto Parts & Supplies","Accessories"
"PhMfnMldVKXo7HqHw6DSrg","Juice Bars & Smoothies","Asian Fusion","Ice Cream & Frozen Yogurt"
"x9iowB154EIeeO832IdlQ","Barbers","Skin Care","Hair Salons"
"7anbmNh1V7mqgHVQYvd09g","Auto Repair","Auto Parts & Supplies","Electronics"
"nKph91qATrPCbJQwZjDZw","Gas Stations","Oil Change Stations","Tires"
"3xEO9oyGqfOO8eSlxYTBA","Day Spas","Beauty & Spas","Asian Fusion"
"zdFqaUk76GAWsDZgPSWGA","Real Estate","Gyms","Contractors"
"bNJMSgkabFWU5AL7gWw","Flowers & Gifts","Home & Garden","Event Planning & Services"
"n1dkll5Da4usT2MpnQuFg","Health & Medical","Doctors","Medical Centers"
"m8o3OrY0DWfqvk820EyrxQ","Electronics","Auto Repair","Cosmetics & Beauty Supply"
"ab3BhBFlkfvlUwg8w01g","Flowers & Gifts","Auto Repair","Auto Parts & Supplies"
"cf6Qd6k1AEvAsECr4fXkyQ","American (Traditional)","American (New)","Gas Stations"
"UqZ9Uld1Vz3GS01WaiDOBw","Massage Therapy","Jewelry","Flowers & Gifts"
"7VfktTKKixMGdS2K71Urw","Trainers","American (Traditional)","Furniture Stores"
"5Daylf10DyvKk9tmKqjRA","Specialty Food","Beer","Juice Bars & Smoothies"
"JjwaWCK73efAwVZRksWSw","Ice Cream & Frozen Yogurt","Mediterranean","Juice Bars & Smoothies"
"7QSFLU0AGAUqwnQWg3qHqQ","Gas Stations","Education","Auto Repair"
"yzOpvalbaKF6QRas5VDJw","Pet Services","Auto Parts & Supplies","Nail Salons"
"tQJ4fgeTmuGQh0o4K4bg","Contractors","Coffee & Tea","Professional Services"
"zU6DqIWpn1G87YbzHBxtA","Contractors","Pet Services","Breakfast & Brunch"
"IlsxDj7OhvFKge4lcZkX8g","Event Planning & Services","Fitness & Instruction","Active Life"
"52yWGkwnrQXIjvuMjYxsiA","Delis","Ice Cream & Frozen Yogurt","Italian"
"G0KaActEId2wz0fQMPKPw","Auto Repair","Auto Parts & Supplies","Oil Change Stations"
"HqIKlhg6OKhpBfEvMwSIwA","Ice Cream & Frozen Yogurt","Accessories","Event Planning & Services"
"ZQCu2fgGoatxA6aAm82axQ","Pubs","Arts & Crafts","Beer"
"kafUXRNfQm3eU14S2WbmA","Italian","Salad","Specialty Food"
"FR2XNAoGmWaFMDgkEjwptQ","Hair Stylists","Hair Salons","Hair Removal"
"JjcJVqhZXhP4tvOhg3fnag","Gas Stations","American (New)","American (Traditional)"
"rry0ESbBfS9sacxsUVqg","Jewelry","Education","Event Planning & Services"
"32JWhoHKiu1wRFTvHvW9Q","Ice Cream & Frozen Yogurt","Salad","Juice Bars & Smoothies"
"lsHmnOZNlsKnEDsNmT5Q","American (New)","American (Traditional)","Auto Parts & Supplies"
"P434fL0CIv9S2cJykvG5Q","Beauty & Spas","Waxing","Hair Salons"
"m9tqikMMYkKWYFCpk2Vw","Barbers","Mexican","Active Life"
"56jlcGj5X9SpM2KzLm4A","Eyelash Service","Hair Removal","Nail Salons"
"raZj7ddNFTav4LSEPp2llg","Accessories","Furniture Stores","Shopping"
"6RXzfIIkpSyGDlZbYy4k3A","Electronics","Cosmetic Dentists","Auto Repair"
"rO9C7wNGUCPyNAFNdiHLQ","Health & Medical","Massage Therapy","Fitness & Instruction"
"HRxCNChQNu7maK29qviS7A","Cosmetics & Beauty Supply","Arts & Crafts","Fitness & Instruction"
"xmHD47wkA9LrdFhIcXCKyw","Pet Services","Furniture Stores","Pets"
"KmeQRK6Rs05S9mOuvEg","Contractors","Furniture Stores","Cosmetic Dentists"
"eKVCZlOkvf7gsHazOXdLQ","Jewelry","Juice Bars & Smoothies","Hair Removal"
"PtJ02ZaHGB7yQxMHI7hDMw","Ice Cream & Frozen Yogurt","Desserts","Specialty Food"
"YrAbFa8KCGdEzQuICmFQ","Cosmetics & Beauty Supply","Doctors","Auto Repair"
"Z0GZ8ZSkZ3Uq0dL2jf8w","Event Planning & Services","Jewelry","American (New)"
"7NX8yDzFMPs35RtlPLcsBA","Cosmetics & Beauty Supply","Medical Centers","Auto Repair"
"i1qbDDkvf0RlmkxewkHyA","Cosmetic Dentists","Automotive","Coffee & Tea"
"J9vAdD2dCpFuGsxPIn184w","Ice Cream & Frozen Yogurt","Seafood","Desserts"
"gzDTRVYgHDyUmKmRu6pedg","Auto Repair","Auto Parts & Supplies","Hotels & Travel"
"MI20v3QRDrCVXgpzjeAg","Salad","Italian","Home & Garden"
"Xqu75Zj2v7ZGdyTNA7NG3Q","Pet Services","Pets","Hair Removal"
"nByrVglJKHBabl2BvvUnA","Pets","Real Estate","Active Life"
"oki9dBSGNqNP6fF3thB8Q","Auto Repair","Auto Parts & Supplies","Shopping"
"z7XuLXll87QuDjPO2QVMDg","Cosmetic Dentists","Dentists","General Dentistry"
"D2D2qsxifHaRqNlVhP3YTA","Furniture Stores","Accessories","Real Estate"
"7YJrRufp0tlNnihJyXeg","Auto Parts & Supplies","Auto Repair","Coffee & Tea"
"HGdk9u3YIEkUsS4nYP7yZA","Auto Repair","Auto Parts & Supplies","Contractors"
"NKg7XSXPlU8NGakmCeXGgw","Auto Repair","Gas Stations","Hotels & Travel"
"UT1zaQ2nGHK45Vq4thRYw","Auto Repair","Auto Parts & Supplies","Oil Change Stations"
"VsajJwiaIvVbxQ0aWCTxg","Nightlife","Hotels & Travel","Event Planning & Services"
"xfYOxovSC3ehw0yBzUZGLQ","Ice Cream & Frozen Yogurt","Local Services","Professional Services"
"IhNASEZ3XnBHmuuVnWdIwA","Ice Cream & Frozen Yogurt","Juice Bars & Smoothies","Coffee & Tea"
"np1Ck48TIOFmlNruxzpJfA","Health & Medical","Massage Therapy","Medical Centers"
"HHu9VyoA7RB1AR2NIFiT7g","Breakfast & Brunch","Flowers & Gifts","Hotels & Travel"
"MmfqdfguEgRCrugA8qed6A","Real Estate","Cosmetics & Beauty Supply","Beauty & Spas"
"NW2flon30tSRIDGxdjnnA","Arts & Entertainment","Flowers & Gifts","Active Life"
"iBPyahdJRP5y0t25fF2W9w","Breakfast & Brunch","Hotels & Travel","Specialty Food"
"BLvcA14BVJYSPjaVnNUKFg","Ice Cream & Frozen Yogurt","Juice Bars & Smoothies","Coffee & Tea"
"E7ZE01pvRgeWEpM0SJ8AQ","Eyelash Service","Education","Cosmetic Dentists"
"4JdoQ95uXyzoHmPhtdiA","Hair Removal","Pet Services","Pets"
"CeEogZjMVZUT16bQq8LHQ","Health & Medical","Fitness & Instruction","American (New)"
"73kJo3Yg6jGoXRkEYTIJg","Fitness & Instruction","Arts & Entertainment","Arts & Crafts"
"QTaa7PvSXU7s1d4CsNgWmQ","Active Life","Accessories","Sporting Goods"
"lH0Ph4DiYSqj9UJBXAq8hQ","Furniture Stores","Auto Parts & Supplies","Sporting Goods"
"AR0ZBtfc4EydtlpxfeBWg","Oil Change Stations","Tires","Auto Repair"
"AwlvIsKDqB5LeKNWC6k4kQ","Arts & Entertainment","Arts & Crafts","Home & Garden"
"DG7blxT5FHAlQGG8A92ZXQ","Pet Services","Furniture Stores","Pets"
"tQUdEckIHoIKoUpr90d0A","Gyms","Trainers","Fitness & Instruction"
"iJy7ameVQsas8IA6nGhywg","Cosmetic Dentists","General Dentistry","Dentists"
"DgLrAuOKilHSeH8gFheEw","Hair Stylists","Hair Salons","Nail Salons"
"mssLiOfL1vtoNo3WoEoJw","Mexican","Salad","Specialty Food"
"hZGKkR7SyB6sABAoiXyA","Nail Salons","Hair Salons","Massage Therapy"
"AxKgZHxyVoBBHNyOESAg","Auto Repair","Auto Parts & Supplies","Medical Centers"
"jcsan4Rl4RARDIuv7tXz5Q","Pet Services","Furniture Stores","Contractors"
"PNRSuNZyLLEo1gmHtb0CXA","Health & Medical","Auto Repair","Auto Parts & Supplies"
"MueAEUT6iqRyOvuIZ5Ixaw","Hair Removal","Italian","Contractors"
"pIBmepGK6xMZBC20mZw","Hair Stylists","Barbers","Hair Salons"
"PNbX4mT6krRyI0il8Il4Q","Auto Repair","Auto Parts & Supplies","Tires"
"lOYv3HSPkO8hy1jaoERRw","Pet Services","Event Planning & Services","Local Services"
"qkoDky591Z6K4IYhlbtNw","Hair Stylists","Hair Salons","Barbers"
"J5TVwnEtNNAWOndZtJig","Medical Centers","Tires","Auto Parts & Supplies"
"RdUsJhX11B0gENNc4Ml5vw","Breakfast & Brunch","Specialty Food","Ice Cream & Frozen Yogurt"
"BFHTQKVr92xWGyES3UKA","Doctors","Electronics","Arts & Entertainment"
"V6HvKxaFcOF5BpVCWaPmg","Auto Repair","Medical Centers","Active Life"
"O7UMzd3iZk8dMeyY9ZwoA","Ice Cream & Frozen Yogurt","Asian Fusion","Coffee & Tea"
"uFvx7k8XxQjy0nFhu8ENQ","Cosmetics & Beauty Supply","Ice Cream & Frozen Yogurt","Coffee & Tea"
"1e7GXqhVDs0UXUofjTkVgQ","Real Estate","Contractors","Cosmetics & Beauty Supply"
"MPLfrpdHn9lnzENmoYiA","Hair Removal","Hair Salons","Skin Care"
"XBfvbNHOjifRyhzOKuEw","General Dentistry","Cosmetic Dentists","Dentists"
"UyxVtMWnlfRlweWLlonCLw","Flowers & Gifts","Event Planning & Services","Accessories"
"oRlSv2vCeUxUuByv7TX7A","Real Estate","Auto Repair","Contractors"
"DxA1Y8TpIepUWcJMGLYDLg","Auto Repair","Auto Parts & Supplies","Automotive"
"FgP9iwQLzrR0Y3STq3JS4A","Massage Therapy","Day Spas","Beauty & Spas"
"uQlnEOPmGYLFn5nb3qDEtQ","Nightlife","Real Estate","Gas Stations"
"x2NuIlQgvvl3Wtq8ipZC6Q","Health & Medical","Pets","Pet Services"
"0lhQjqxsXuHgcSXiyjIKQ","Cosmetic Dentists","General Dentistry","Dentists"
"YBbev1J6ShVcPLKg1sXg","Ice Cream & Frozen Yogurt","Juice Bars & Smoothies","Coffee & Tea"
