"0d31NEyTFbx2J56DPJA","Coffee & Tea","Specialty Food","Home Decor"
"CllWR8oLNzOXABf3dgNvA","Professional Services","Pet Services","Home Services"
"O3xJVGXePdnZST8O0sy6g","Professional Services","Home Services","Electronics"
"Fy1mU2z06UsRgu88ELNOA","Skin Care","American (Traditional)","American (New)"
"C9QNd6qXSRgSy8n4OBf2mA","Coffee & Tea","Ice Cream & Frozen Yogurt","Furniture Stores"
"jikjjW1bN0swCMguFazcxg","Home Services","Real Estate","Professional Services"
"AA4lxVlnFnmQL5g0jgLDTg","Coffee & Tea","Desserts","Ice Cream & Frozen Yogurt"
"q6rBjPhagDYNq1Q1btzg1Q","Professional Services","Auto Repair","Home Services"
"JMkBrqzBKFtVgmpyAy3jKQ","Skin Care","Massage","Professional Services"
"1aVbXH4uQCTQU7HfGmyow","Coffee & Tea","Ice Cream & Frozen Yogurt","Juice Bars & Smoothies"
"HvSliqaxluBylII59CQVBg","Auto Repair","Professional Services","Local Services"
"y5bQlEMCMnYba9I5XRzlzA","Salad","Italian","Food"
"xYIjSJZbiK0nDxdC8LFwJw","Massage","Massage Therapy","Professional Services"
"qNGexUR4IG8eSfs7USrRtA","Auto Parts & Supplies","American (New)","Hotels & Travel"
"o4nn1EZU39fE7zMuCyXiA","Massage","Massage Therapy","Day Spas"
"hqJMHaqpyL63NhRUqv9eyQ","Coffee & Tea","Juice Bars & Smoothies","Specialty Food"
"KDh82ODr4adz9ck6ltQYQ","Food","Fast Food","Health & Medical"
"9qWjF5SiK2MGnu6wBcpw","Juice Bars & Smoothies","Bars","Ice Cream & Frozen Yogurt"
"MUHpxyrdwAyghqJF8I7TQ","Pet Services","Home Services","Local Services"
"h8JaGUKEc657cUnAXLE42Q","Accessories","Furniture Stores","Shopping"
"KYKc7At4gH6T2qQ6JJ3wLw","Professional Services","Home Services","Local Services"
"O1J2zfIGDxDig8WifUSrg","Auto Repair","Professional Services","Automotive"
"QEE5vBdRf2tuchmZQ3HKg","Pet Services","Professional Services","Home Services"
"5i36Ob9U0cDxPk389dUlw","Auto Repair","Auto Parts & Supplies","Professional Services"
"pmp0GowinCJeVMOnxNuZTQ","Professional Services","Home Services","Local Services"
"AnNjZfF7KYRvPljtv9g","Hair Stylists","Barbers","Hair Salons"
"oaKIZDt0R1qylXeQoSYIg","Auto Repair","Contractors","Professional Services"
"80J9QfTbDYBk88rhd826dA","Auto Repair","Auto Parts & Supplies","Oil Change Stations"
"xEuBPTBLv16vNvHg4DTHQ","Barbers","Hair Salons","Massage"
"EZRl9nOwcaED93NnFakvHw","Coffee & Tea","Ice Cream & Frozen Yogurt","Accessories"
"4S358eahT9dfeKpnB1U46Q","General Dentistry","Doctors","Dentists"
"RuPGJeuIapA9lg8bE6nuug","Skin Care","Home Services","Professional Services"
"hzAOz6E9gpQf6i6ciHmIPw","Specialty Food","Fast Food","Food"
"Gpf7Ts64tYUDSExkwQ9SSQ","Auto Repair","Professional Services","Home Services"
"tSfo4rtIZqb7S3jytzm5A","Professional Services","Home Services","Contractors"
"kvxORTcjQyT4C6Ua6pA","Auto Repair","Professional Services","Home Services"
"iNDTltptdI3PYOxxXtnyLQ","Contractors","Professional Services","Home Services"
"ocfRQyIe2NizLLoYmdK1Xg","Tires","Accessories","Sporting Goods"
"JDByKm5mhk0mYC85swSSg","Furniture Stores","Contractors","Home Services"
"BdCn0YbE32nUMfijUP5w","Auto Repair","Professional Services","Home Services"
"28yYO3uXuVZbE3YsvVHahg","Beer","Bars","Home Decor"
"7RokluwjovXF77EQx6Dc0g","Hair Stylists","Hair Salons","Hair Removal"
"AbHdwEfXJWqGHqabTb5S5A","Accessories","Juice Bars & Smoothies","Sporting Goods"
"8vmuInQkTrRgCxlxo5ymw","Waxing","Skin Care","Beauty & Spas"
"k9b96JXlNewj36ddrce9Jw","Home & Garden","Food","Fast Food"
"ET48I31xcpvFBIq4RKZPpg","Auto Parts & Supplies","Professional Services","Home Services"
"Ta9m6G8P0pA5nuAJomjQqQ","Professional Services","Home Services","Local Services"
"t9W24Fq8EljFz0XZXyUkQ","Coffee & Tea","Fitness & Instruction","Home Decor"
"igPCZTC4rf1E1kgBJ4sLOw","Auto Repair","Tires","Professional Services"
"fF4RanPBRJ4axvNLSD9XVw","Home Services","Local Services","Auto Repair"
"q2GzUNQj998GSC8IhkN9hg","Mediterranean","Food","Fast Food"
"407jyweZL39WScJazVBMQ","Beer","Bars","Specialty Food"
"3C0bnFhjkgYP9mWORKg6cA","Food","Fast Food","Specialty Food"
"fCYAWOefj4jHb5jenFXD8g","Home Services","Professional Services","Real Estate"
"ZiOWBZAgaiVJGu7nX8IgQ","Food","Restaurants","Fast Food"
"8MBPCwQKFlLJqQhzXddA","Accessories","Italian","Beer"
"wIxYAU2jaT6Y9bInc5MXA","Dentists","Cosmetic Dentists","General Dentistry"
"9XfA7NMNKkGbH7yXc8G75A","Professional Services","Pet Services","Home Services"
"jGlk7K1IB8XyhlBEmeEHQ","Pet Services","Professional Services","Home Services"
"EtNXaL2cOcrxQX8WUUhwsw","Active Life","Event Planning & Services","Italian"
"TBWis7BxQfSxDLWs3DpoA","Pet Services","Professional Services","Real Estate"
"883p8Iq1DGAcrP6GU5XRog","American (New)","Furniture Stores","Jewelry"
"GnGjeLuG4EmjcYrhHlvP7Q","Professional Services","Home Services","Furniture Stores"
"BPAm6JH34HB9FG5Jx1Nig","Salad","Food","Fast Food"
"ZhMTztc2PsoXb2jZZdQZfg","Massage Therapy","Massage","Professional Services"
"xZpZvAqZSla5c72CuNKnJA","Accessories","Shopping","Home & Garden"
"ir3290jmmZUZYa2Z600PIA","Professional Services","Health & Medical","Education"
"uVbmYmuD5oi6PzujOwgA","Food","Fast Food","Ice Cream & Frozen Yogurt"
"FzaNlxDCq7LA5O6ydvmw","Home Services","Auto Repair","Local Services"
"gVhX5xcnGjHE3mF2eXqKYg","Arts & Crafts","Home Decor","Bars"
"W3HI9tfQ8DAAJdkVWz5dQw","Auto Repair","Professional Services","Pet Services"
"KTI9e6Dbw5xu1zKvuKFNiQ","Tires","Professional Services","Home Services"
"uPJxxt2Qn8uGT2NJvzcGYg","Pet Services","Professional Services","Home Services"
"Nc7cqq5k0WZsVhu25QrmNQ","Auto Repair","Electronics","Shopping"
"sVdGXBgEv5DOlLuFoprhQ","Skin Care","Nail Salons","Professional Services"
"68O4uYCd0YToLOLqHTBSZQ","Salad","Arts & Entertainment","Hotels & Travel"
"CQxhyLM833WF45yrS9yeAA","Pet Services","Pets","Home Services"
"nfDPXxOOVAU6OpI9sl3Flw","Beer","Food","Fast Food"
"bllbhpF4iReTO68tG0WgkQ","Massage","Massage Therapy","Day Spas"
"BolK3j0LiGtxYxfRhGJFvA","Furniture Stores","Shopping","Health & Medical"
"BCSofuQwu1VE8wjzDaQ3qQ","Bars","Fast Food","Food"
"sBm7kXdd63sIvIb3bp1MQ","Massage","Massage Therapy","Skin Care"
"kR4NBNFf5SLpeAtZuPoPg","Italian","Ice Cream & Frozen Yogurt","Desserts"
"Delyh0oCJJGPta5WeSlA","Electronics","Professional Services","Home Services"
"OJxLUNDWJv7jmNJxBo53A","Shopping","Furniture Stores","Local Services"
"G4hjhtAwQtSOGpgGlDjw","Seafood","Food","Fast Food"
"fR2v1bU3jbWVJ0UuMmeHw","Specialty Food","American (Traditional)","Fast Food"
"h1Jq1YlqPyD1mGSW0sjRaQ","Home Services","Auto Repair","Auto Parts & Supplies"
"w1fJzm0ladnhvT7Jc0MJ6w","Barbers","Hair Salons","Beer"
"IZKjHtCuRlbhyD1WtGd8uA","Nightlife","Event Planning & Services","Professional Services"
"Syk1I7nPaE2t6HWVO0nZA","Skin Care","Professional Services","Hair Removal"
"jKN5rK1p9iKFjChWVdb6Ww","Beer","Bars","Nightlife"
"kOsLCcNDWii4Bg4evWANxw","Professional Services","Home Services","Pet Services"
"u7cg4p9Umh5HKyU7Jl6vQ","Hair Stylists","Hair Salons","Waxing"
"ZghQ7ilYOCkGr9MhjlLjBA","Auto Repair","Auto Parts & Supplies","Automotive"
"QNHmtZSfFEyIvuKe73DzMA","Pet Services","Pets","Hair Salons"
"sqnr6XgcNNk26GHPq1IpA","Hair Salons","Hair Stylists","Skin Care"
"0bjFYstj8USMzEV4ZQldjA","Coffee & Tea","Home Decor","Specialty Food"
"KUOt2xUcGxpVPezXZAzQ","Auto Repair","Auto Parts & Supplies","Oil Change Stations"
"u3exVNGKE0iJ7nnxS3BbA","Coffee & Tea","Juice Bars & Smoothies","Home Decor"
"cfuFIFZk4u7A48yn3y10Zw","Food","Salad","Breakfast & Brunch"
"rubyBEGXLBLUJAuEtKEuw","Flowers & Gifts","Home & Garden","Local Services"
"ZHoTQbkhGcLw9OqrTiZQ","Home & Garden","Mexican","American (New)"
"gv25mX4GkYnKaEqTNNMnQ","Pet Services","Professional Services","Home Services"
"Q3SAIIFURXZu421zG17N0A","Food","Fast Food","Ice Cream & Frozen Yogurt"
"ydXEHoJBsY4cOdotR4eNw","Hair Salons","Hair Stylists","Hair Removal"
"QtxTLatcq133Pfnl90ZB9Q","Food","Seafood","Fast Food"
"tMBdSpCT65N9JhoBWZLNQ","Cosmetic Dentists","Dentists","General Dentistry"
"ZKUIoogqjFJyLNP0TW3A","Electronics","Auto Repair","Professional Services"
"M3P8cBifSwYorQU38Dqpg","Beer","Jewelry","Event Planning & Services"
"wiRJwuq4sCoTFCehR1WuOg","Contractors","Home Services","Professional Services"
"2vIC2DIximgBjTRgbWwXA","Professional Services","Home Services","Local Services"
"8LYul0GwtmoYOoXX1fpwg","Professional Services","Event Planning & Services","Local Services"
"7JVmDCwUVBs4UobLv01hLw","Professional Services","Auto Repair","Tires"
"v6dqe7U2MVtaWyHbvtwtw","Massage","Massage Therapy","Day Spas"
"TcSGXZhrdJi1mtwV0POTQ","Jewelry","Auto Repair","Professional Services"
"mmG1pgti52kCoDWSukdqqQ","Waxing","Coffee & Tea","Skin Care"
"micICxePKxnPERTZr0xDQ","Professional Services","Home Services","American (New)"
"A4NuAm6Ie1aYOtFQcrb0Q","Jewelry","American (New)","Shopping"
"lZ9w5Hd5YlmqcTdnzztvA","Coffee & Tea","Accessories","Specialty Food"
"2qSoPkVt7P9fgc6IDLA","Dentists","Cosmetic Dentists","General Dentistry"
"nqKLJ9q7jvnzRKW4RIu3qw","Professional Services","Home Services","Local Services"
"MgaFkl7CTZZfXUJ79FIWGQ","Auto Parts & Supplies","Arts & Entertainment","Auto Repair"
"ewmTwsZqCHH2gvCeDKz0dw","Seafood","Salad","Food"
"edbJTIt4IcQUt9jQTvuhg","Professional Services","Home Services","Hair Removal"
"J6WnhToRaJ2TtLbRpKF3Lg","Waxing","Hair Salons","Nail Salons"
"RzXSaz2BjPBHeJzEIUKoQw","Food","Breakfast & Brunch","Fast Food"
"WuH8ncHXNBvAna7tBX7xg","Massage Therapy","Massage","Professional Services"
"4eIFraJQ5sVZm3Wj6oMzAQ","Home Decor","Bars","Specialty Food"
"oeRLD870Z76FD1OYW8jbSQ","Fitness & Instruction","Day Spas","Home & Garden"
"LlmiXzE08XKwI2e4JdA","Food","Fast Food","Specialty Food"
"Bv6MOsh4jaL1bHOZpkKlg","Professional Services","Home Services","Hair Removal"
"eNGEqOTCHTnqoOYszx8xoQ","Hair Stylists","Hair Salons","Hair Removal"
"FUFrBIHOdFXTLzD3JL1vQ","Cosmetic Dentists","Dentists","General Dentistry"
"1vLfv7foAu3tJ7vAEoKdA","Pet Services","Home Services","Pets"
"M0GUqlmY7crtQX3WFhxw","Waxing","Skin Care","Hair Salons"
"5CTmFgqxx7nl8jzQK2DuA","Eyelash Service","Skin Care","Hair Salons"
"BjnOE2PDjZcJmMMUMPiJig","Hair Salons","Hair Stylists","Nail Salons"
"uet3BcIwFW487zxtePsrw","Food","Cafes","Beer"
"efSbCWuU0FJbLmPC5CDfdg","Auto Repair","American (New)","Tires"
"NA9WSNjAqJVzpgC29xURQ","Professional Services","Home Services","Fast Food"
"cOqd9ou3uf1k3OWFoCQ","Food","Fast Food","Salad"
"AbmwC69qKOhtstAWuXvLIg","Professional Services","Home Services","Contractors"
"Xk9vQupA97SSEvkB16otRg","Furniture Stores","Shopping","American (New)"
"JxjY94b4EfrFVsDCEdP5dA","Tires","Auto Repair","American (New)"
"bh0dRmSXjNWZLRys2VmW6A","Accessories","Trainers","Health & Medical"
"VOKCaJMMSpAGgrx2RG7Ueg","Auto Repair","Auto Parts & Supplies","Professional Services"
"LRnzpnNQWwpN3Bu24W53CA","Ice Cream & Frozen Yogurt","Coffee & Tea","Bars"
"TYDHF1WRblen2Gup0jQUg","Doctors","General Dentistry","Dentists"
"k5ddmLvAKKw9zSusRPM2cQ","Food","Fast Food","Event Planning & Services"
"IjRMUEf19Y1MmIVjqGyS4g","Ice Cream & Frozen Yogurt","Beer","Home Decor"
"JMc6OcqMbLjQP0Rc07EAzA","Waxing","Hair Salons","Skin Care"
"Ci5jgkoNYPjIkvcUQoilA","Professional Services","Home Services","Contractors"
"2KadiQLTen9mNdXgKR5A","Seafood","Food","Fast Food"
"hnpC4SaoajWJHh8U1EXUQ","Health & Medical","Doctors","Professional Services"
"hM3TwxTeXWvdXZUiFkZ9g","Pet Services","Professional Services","Home Services"
"nDpQjxCvO3hcOU9EUHAvZg","Professional Services","Home Services","Shopping"
"vfu0sv2UvbtsUjDF6MzZA","Professional Services","Home Services","Auto Repair"
"ndTgznMYNe0n26VqzecEKQ","Pet Services","Furniture Stores","Professional Services"
"nv2z5SYQR0JlzflUrm00Mw","American (New)","Beer","Fast Food"
"1l1xbVgzRBr48dK6KHCL0w","Home Services","Professional Services","Hotels"
"7RR1rbyEKKo2GRACqAfoA","Food","Fast Food","Beer"
"hk3mC8gDnSEJOtmbILDBA","Hair Stylists","Hair Salons","Hair Removal"
"qEY6ceR1HVogrvcQuKHnBQ","Bars","Pubs","Beer"
"O4kYogia0fbF85pCX10XiA","Food","Fast Food","Seafood"
"7h08ecPN5bcW1Gp6UQZxNQ","Auto Repair","Professional Services","Home Services"
"KcCEAftn9JiKPgad7y2lg","Real Estate","Home Services","Professional Services"
"CPi7KGba3x3QjMmIqD4aWw","Oil Change Stations","Pubs","Food"
"hrlE8kBzCIqXaLuaVNC9w","Professional Services","Electronics","Home Services"
"EDlGfPFcejyDvAOKpUgrKg","Flowers & Gifts","Fast Food","Food"
"zJjs7CxwU4GhdBdeRA","Coffee & Tea","Fast Food","Food"
"E94lGPASDOwEbbA3zvfxkg","Massage","Massage Therapy","Day Spas"
"LUmwRZzVKZ9CM7FyHnDQ","Massage","Massage Therapy","Coffee & Tea"
"gAqckPMHgXQOnJ0G3OPgFw","Ice Cream & Frozen Yogurt","Flowers & Gifts","Home Services"
"stwEHZ4qMuhF8KmlI4EVw","Skin Care","Beauty & Spas","Day Spas"
"zPxWTy2WOslWtKCr8B1nQ","Home Services","Auto Parts & Supplies","Local Services"
"VMeXFzWwBF2PSHx6EpII4A","Mexican","Food","Fast Food"
"sCsWzEMOlk6WVCEHjk1w","Electronics","Auto Repair","Professional Services"
"VbalAZnu2w6NttIKfdjDg","Coffee & Tea","Home Decor","Cafes"
"f4d8cyTwhxHnsrC1Ws4LQ","Waxing","Hair Removal","Professional Services"
"w6ptb6X7YsDiwllNhOMSQ","Hair Salons","Professional Services","Skin Care"
"gqNGt711f0azWOBE5pihjQ","Home Services","Professional Services","Home Decor"
"ENzLJkb8eXP8fGBzG5aGXg","Pet Services","Pets","Professional Services"
"q0iqz7ZQmOi7TqqciKVJYw","Italian","Desserts","Ice Cream & Frozen Yogurt"
"iWZE0ZluD93zJqUTkujxg","Doctors","Eyelash Service","Active Life"
"5BSrguKmbBb9W4R5IvbW7w","Jewelry","Professional Services","Education"
"UAZNEIX8tc8Kk5XFd4UA","Jewelry","Real Estate","Shopping"
"cEU8yhCpCHywtImYeM1y5g","Auto Repair","Tires","Automotive"
"XfUg7AJJliNGNFseki2y3Q","Jewelry","Professional Services","Skin Care"
"Lcn8bGwxg3kilmtRbOn9ZQ","Pet Services","Pets","Health & Medical"
"EaDpmkkBnxPR5RjrZ0PCVA","Furniture Stores","Professional Services","Home Services"
"vUJ08IkoUu5eaccWWFNIXg","Trainers","Fitness & Instruction","Gyms"
"ahGtKEHYxY3igWrTHh7FVQ","Food","Breakfast & Brunch","Fast Food"
"3Ag1VmOTjJGaDHme5fKzXg","Pet Services","Professional Services","Home Services"
"xCL38K0oPgK3ydzg4CrvKg","Food","Fast Food","Specialty Food"
"u2Z7wvTpZJzQEhfFBS06g","Home Services","Auto Repair","Professional Services"
"qHQPvp6pZ75fB63kOKUPqg","Pet Services","Furniture Stores","Professional Services"
"Eim8jt0BY7EXikAAJ3hQ","Nail Salons","Hair Salons","Skin Care"
"6lgRm13PvA6iMGc7PmqK9Q","Ice Cream & Frozen Yogurt","Coffee & Tea","Desserts"
"XGMpMJ94OyHmAYRVMdEnGQ","Massage Therapy","Massage","Health & Medical"
"konatiSHu14lkfjntSao4g","Professional Services","Furniture Stores","Home Services"
"c5uSmULnX5XchbSyOoxlg","Professional Services","Pet Services","Pets"
"U3gKpibRclRzbKlUx6Rukg","Professional Services","Home Services","Local Services"
"NpNyANi117d3TqMBpcMWPw","Active Life","Event Planning & Services","Home Decor"
"R7ARWB2oYf65SGxIXKXw","Real Estate","Home Services","Professional Services"
"shJPvAZ1pdUVm9DORQ6g3g","Event Planning & Services","Hotels","Professional Services"
"jkUGeWyzxM8LTgtbFj5YAw","Fitness & Instruction","Gyms","Active Life"
"LaTu6zWyJsrZfCekL3tctg","Auto Repair","Professional Services","Automotive"
"jRxLnJ9my31ReO2MvQGhw","Food","Fast Food","Mexican"
"vT812nRctS62PVxUverayw","Food","Fast Food","Specialty Food"
"Nrlso9qAZNUDqV3hQg2FA","Pet Services","Hotels & Travel","Hotels"
"YruYVhml6TGxHNzgrz8jFA","Professional Services","Home Services","Gyms"
"t5JpYelGyKLuU2wP2zoCQ","Tires","Italian","Event Planning & Services"
"llPDpKhxanmdYNmWugckrQ","Waxing","Hair Salons","Hair Removal"
"kQGwxq5hOM9TLIwO8AjHvQ","Furniture Stores","Professional Services","Home Services"
"dSwn4VldsPJpdyH8r98fow","Skin Care","Waxing","Professional Services"
"QEgvfB8OUq5XUURbw2DA","Accessories","Massage","Skin Care"
"YTMbzy3SXiDtqQOfZRD7lw","Auto Repair","Automotive","Auto Parts & Supplies"
"DWzEDXeEyg0VakA09vOTg","Pets","Pet Services","Doctors"
"QXg8xvdDP8AqeOBPbrXMA","Dentists","Health & Medical","Cosmetic Dentists"
"cePE3rCuUOVSCCAHSjWxoQ","Ice Cream & Frozen Yogurt","Food","Fast Food"
"V2Q52jmcL5JvwxRRNFCSQ","Professional Services","Local Services","Home Services"
"LUWMn6XeEDdXNsJaWJSoMw","Jewelry","Professional Services","Local Services"
"HwfEGNYgE0UZ3aHgCTQCfw","Pet Services","Hair Salons","Nail Salons"
"Kp4i7on7rxFRkWceKfL2Ig","Arts & Entertainment","Fast Food","Hotels"
"4QptQBr500iB7J19pFw","Jewelry","Professional Services","Auto Repair"
"Wcos8wvTMjpAs50rxm1BQ","General Dentistry","Dentists","Cosmetic Dentists"
"GxiYMg1OyXN958bN87Vhw","Hair Stylists","Massage Therapy","Hair Salons"
"qxZlGhgCrJ48FUj9LWKg","Professional Services","Home Services","Local Services"
"hHq4qNDIWn6Ag9dgvAAcg","Hair Stylists","Professional Services","Hair Removal"
"wFNxIIn4G2hf6R8PJPU5w","Professional Services","Tires","Home Services"
"HzEYCOPszY0BH1sqTdwa9A","Professional Services","Contractors","Home Services"
"0zC1EGTJFd5xPjHruQMZQ","General Dentistry","Dentists","Health & Medical"
"HedTudf5G6B1rpdhH1CQ","Professional Services","Home Decor","Home Services"
"gvBADstbU8dIMRltN3eA","Hair Removal","Professional Services","Home Services"
"NNkxbl9EpauespBHb7JNoA","Professional Services","Flowers & Gifts","Event Planning & Services"
"EVl5rbR90yb9vqyq4o5K3A","Hair Removal","Professional Services","Home Services"
"dja9beNvddSmXxn8At5aQ","Coffee & Tea","Food","Breakfast & Brunch"
"wKNnjBz2UjdhtlrZtq9aw","Hair Stylists","Hair Salons","Hair Removal"
"Dk1upHQNYVIkR5ky3sL7A","Electronics","Auto Repair","Fast Food"
"5md4i4diIWMNYQgHMjNbg","Breakfast & Brunch","Fast Food","Food"
"dcOTPSLXZvJnJjm6bDYA","Auto Repair","Automotive","Professional Services"
"hSyAdVKS9mttVVxMpEQRBQ","Coffee & Tea","Hair Stylists","Home Decor"
"4hukhycDlOIhTMZcN3w","Waxing","Eyelash Service","Skin Care"
"6ockUmdOBYBApEsUCJkBzA","Ice Cream & Frozen Yogurt","Mexican","Juice Bars & Smoothies"
"gWqwzJTx8g588U3f7BkZnw","Hair Salons","Hair Stylists","Hair Removal"
"8XUyss7r1or5HxuIlWK2ZQ","Auto Repair","Professional Services","Contractors"
"JDU3pZDynB6l8swzVlQA","Barbers","Beer","Massage"
"JOhCJISMK3szRWhg2e0A","Food","Fast Food","Breakfast & Brunch"
"ASg9gG8x4IaaYnePCBa2Kg","Italian","Ice Cream & Frozen Yogurt","Specialty Food"
"3pSUrcdrphurO6m1HMP9A","Food","Fast Food","Specialty Food"
"Wipy66VvmSaLLX7OMNlU2A","Home Services","Auto Repair","Local Services"
"TcTqwLLEuIT2oGbEeGMDJg","Auto Repair","Professional Services","Local Services"
"UH7xZZipHLFGLq9OAzj3g","Beauty & Spas","Day Spas","Skin Care"
"6TDdpon8LosFXvjL9QJdYg","Hair Stylists","Hair Salons","Hair Removal"
"AwcNjlTqWBObQ9XXCFpg2g","Pet Services","Professional Services","Home Services"
"sl0JapB6x1VKUVY2PyJ7rA","Coffee & Tea","Salad","Food"
"5t570crNbH4YmGlJErog","Doctors","Home Services","Professional Services"
"SWZ7Gv80ozoYy4DWKCw48g","Juice Bars & Smoothies","Food","Fast Food"
"cNEMXz1IWVv9YweDNlWi0Q","Sporting Goods","American (New)","Furniture Stores"
"gXU8gjs64viFq69UTsCjDw","Doctors","Skin Care","Health & Medical"
"Mie7AsXtQUOEpHTMpk5Z2A","Gyms","Fitness & Instruction","Trainers"
"QOE93SXgKd8EsaUTDaXhA","Ice Cream & Frozen Yogurt","Food","Fast Food"
"pInDxskIAcXxbQ5lDIZQ","Breakfast & Brunch","Asian Fusion","Fast Food"
"v7jTlmm06g0uwdpvCvbqbw","Beauty & Spas","Skin Care","Day Spas"
"3dLHLQ7KxPv7AAejrL5ukw","Waxing","Eyelash Service","Hair Removal"
"gJhMeq2nVH27tz8LqbD3eQ","Arts & Entertainment","Hotels & Travel","Hotels"
"vyMYESwDpWa1pRSUBBM4XA","Flowers & Gifts","Event Planning & Services","Professional Services"
"l1GJnB9TJgGgEeI4at1M0A","Mexican","Food","Fast Food"
"odr7wuHWQeA0r9iUWZml8w","Professional Services","Home Services","Local Services"
"grvkjaJB9aorAMIjGD6XSg","Auto Repair","Tires","Auto Parts & Supplies"
"zXvtouoaOsL0Bp0udugAjQ","Beer","Hotels & Travel","Hotels"
"bmS1onKPckNWPPREDAC8Gw","Skin Care","Hair Salons","Professional Services"
"qMyYY8zpHusOXUd6wmqX2w","Auto Repair","Professional Services","Automotive"
"okgI89cCzqzMTUPCeBew","Skin Care","Education","American (Traditional)"
"YSdxFINzbpbwXRtPd1FxQ","Automotive","Auto Repair","Auto Parts & Supplies"
"EpPOZAG0u7qHPjv5HjFUg","Food","Fast Food","Seafood"
"wc7vEJocrLXu3ny7y2Tag","Automotive","Auto Repair","Auto Parts & Supplies"
"SSCH4Z2gwhh2KZy7aH4qw","Food","Fast Food","Salad"
"sBfEBOoKgWcYhLXt7i3nw","Automotive","Auto Repair","Tires"
"ediUPuffMZsni4AAN61w","Home Services","Professional Services","Local Services"
"g6LoVN4geIRdABs8wezw","Pet Services","Professional Services","Pets"
"WvwENsHY5kYIiL7xU2wF8Q","Massage","Massage Therapy","Day Spas"
"DY6jiQftRsbrlfaEibOaAA","Hair Stylists","Hair Salons","Hair Removal"
"5SJIUeayoebPjCaSasfWZA","Auto Repair","Doctors","Home Services"
"rzIEdF0V3qedf7T5loVvsA","Food","Fast Food","Beer"
"vJLIzMHqbFYss5dwkDNpA","Hair Salons","Hair Stylists","Hair Removal"
"dEGxMMrelPO5T6FXklHOw","Auto Repair","Professional Services","Home Services"
"ZPelfio4hB7EzLtNtD5PQ","Pet Services","Health & Medical","Pets"
"SJYUvd7zgPsCIGYvdYRA","Massage","Professional Services","Massage Therapy"
"xM85pGuYSvLTUEfm3Nm5uA","Health & Medical","Doctors","Professional Services"
"VIeM1YbBJ3ZqFqoY8yUgw","Auto Repair","Auto Parts & Supplies","Professional Services"
"GSaU7xmPPArq7uY5kbAg","Coffee & Tea","Juice Bars & Smoothies","Home Decor"
"SbI9phUuuFPh1j3zxIvO2g","Home & Garden","Professional Services","Home Services"
"8pRVvHd7GDNLbWCUcaX36A","Pet Services","Professional Services","Home Services"
"eWX0XKKick8Z44QGlsO4Lw","Event Planning & Services","Professional Services","Home Services"
"ZcOxoOXKgK5HmSQvUqHBNQ","Doctors","Health & Medical","Professional Services"
"9fBwxdHyJRS1nLkMJ8cavw","Auto Repair","Tires","Auto Parts & Supplies"
"jqQwHUrZk8M6uPPw3CPoFg","Waxing","Skin Care","Professional Services"
"eJcWplcnIx6lRmQoRFDw","Skin Care","Day Spas","Event Planning & Services"
"pzNgg9XpaHKuAY9b5ClIQ","Hair Salons","Hair Stylists","Hair Removal"
"56d3dE1LoZZMxAkTQvqew","Skin Care","Professional Services","Event Planning & Services"
"U5Ow3ffmrG4MmTZLK6jdg","Food","Fast Food","Salad"
"xjz22Lw9z7C2ACpiu2d0hA","Waxing","Skin Care","Hair Salons"
"02hhtAO83rZBU1hflleElA","Food","Mexican","Fast Food"
"tIX6o1jkLrrmsJIdGUjA5A","Professional Services","Auto Repair","Home Services"
"9P23V64kYz3trn9ecaJJA","Seafood","Food","Fast Food"
"vfQ2icKIQ7CSNUd3pugoA","Professional Services","Home Services","Contractors"
"tTNKDns4U8EsqaxCvQVtng","Professional Services","Home Services","Contractors"
"bcgpyqPjC81lODTHzLMhw","Auto Repair","Professional Services","American (New)"
"GzYAIjVULpRrFV2dQMKDog","Salad","Italian","Food"
"evTWdlBsQl6EMiVcm0fXww","Bars","Home Decor","Beer"
"yMeyFt8ktPvzN0qFYLljMw","Auto Repair","Professional Services","Automotive"
"TcQW4DNawqXGACLawaieyg","Food","Fast Food","Pets"
"8gDBvHXqHguVZJPsq5cTZg","Waxing","Skin Care","Hair Salons"
"jH72pWtc1KXavB3zNtOu9A","Furniture Stores","Pets","Professional Services"
"LT0y32F1w2KGltoU0fSYg","Pet Services","Professional Services","Home Services"
"TBBeSHTGuaK9Jv09j3iDuA","Beer","Restaurants","Massage"
"fDSQO4vC5HoxoecLIzmtg","Fitness & Instruction","Asian Fusion","Trainers"
"I02fZsl5otCPP1XRu0y40Q","Home Services","Professional Services","Home Decor"
"ay6VSfANiKOZvma7iZS0Q","Furniture Stores","Hotels","Accessories"
"aTlN0kN0gLycCd4uV1GmHw","Auto Repair","Electronics","Professional Services"
"yawvvAWEqmBKp2olpCSnbQ","Auto Repair","Auto Parts & Supplies","Arts & Crafts"
"p1MZyPUMflxMARQ6I8X3Kw","Food","Fast Food","Mediterranean"
"9vG7UBYjYLDNb3VS1EZqEw","Hair Removal","Skin Care","Hair Salons"
"rkAxZDtaYtUIvllAub0P6w","Steakhouses","Shopping","Mexican"
"fTBygTz5qYZpSsglgDbg","American (New)","Accessories","Sporting Goods"
"GQkYDEjmgCWCYxsLqZPg","Waxing","Hair Salons","Skin Care"
"m9eF1rD6Cnwn69z45cBLA","Food","Fast Food","Delis"
"jehAqzQ6Rs6xGn5LH7kDww","Nail Salons","Massage","Professional Services"
"GpVk87Zw6IGXq5pPcuF7Sg","Waxing","Skin Care","Massage"
"BrHBBmcreBaICZNkLOOZXA","Accessories","Local Services","Shopping"
"PhMfnMldVKXo7HqHw6DSrg","Coffee & Tea","Juice Bars & Smoothies","Asian Fusion"
"x9iowB154EIeeO832IdlQ","Barbers","Skin Care","Hair Removal"
"7anbmNh1V7mqgHVQYvd09g","Auto Repair","Professional Services","American (New)"
"nKph91qATrPCbJQwZjDZw","Gas Stations","Tires","Fast Food"
"3xEO9oyGqfOO8eSlxYTBA","Massage","Day Spas","Massage Therapy"
"bNJMSgkabFWU5AL7gWw","Flowers & Gifts","Home & Garden","Event Planning & Services"
"zdFqaUk76GAWsDZgPSWGA","Real Estate","Home Services","Professional Services"
"n1dkll5Da4usT2MpnQuFg","Doctors","Health & Medical","Professional Services"
"m8o3OrY0DWfqvk820EyrxQ","Auto Repair","Professional Services","Electronics"
"ab3BhBFlkfvlUwg8w01g","Active Life","Fast Food","Food"
"cf6Qd6k1AEvAsECr4fXkyQ","American (New)","American (Traditional)","Professional Services"
"UqZ9Uld1Vz3GS01WaiDOBw","Jewelry","Massage Therapy","Massage"
"7VfktTKKixMGdS2K71Urw","American (New)","Trainers","American (Traditional)"
"5Daylf10DyvKk9tmKqjRA","Beer","Specialty Food","Food"
"JjwaWCK73efAwVZRksWSw","Food","Fast Food","Mediterranean"
"7QSFLU0AGAUqwnQWg3qHqQ","Professional Services","Home Services","Local Services"
"yzOpvalbaKF6QRas5VDJw","Pet Services","Home Services","Fast Food"
"tQJ4fgeTmuGQh0o4K4bg","Professional Services","Contractors","Home Services"
"zU6DqIWpn1G87YbzHBxtA","Professional Services","Home Services","Contractors"
"IlsxDj7OhvFKge4lcZkX8g","Event Planning & Services","Active Life","American (New)"
"52yWGkwnrQXIjvuMjYxsiA","Food","Fast Food","Italian"
"G0KaActEId2wz0fQMPKPw","Auto Repair","Oil Change Stations","Professional Services"
"HqIKlhg6OKhpBfEvMwSIwA","Accessories","Food","Fast Food"
"ZQCu2fgGoatxA6aAm82axQ","Beer","Food","Fast Food"
"kafUXRNfQm3eU14S2WbmA","Food","Salad","Italian"
"FR2XNAoGmWaFMDgkEjwptQ","Hair Stylists","Hair Salons","Hair Removal"
"JjcJVqhZXhP4tvOhg3fnag","Professional Services","American (New)","Home Services"
"rry0ESbBfS9sacxsUVqg","Jewelry","Shopping","Professional Services"
"32JWhoHKiu1wRFTvHvW9Q","Ice Cream & Frozen Yogurt","Fast Food","Food"
"lsHmnOZNlsKnEDsNmT5Q","American (New)","Home Services","Professional Services"
"P434fL0CIv9S2cJykvG5Q","Skin Care","Waxing","Beauty & Spas"
"m9tqikMMYkKWYFCpk2Vw","Barbers","Hair Removal","Hair Salons"
"56jlcGj5X9SpM2KzLm4A","Waxing","Eyelash Service","Hair Removal"
"raZj7ddNFTav4LSEPp2llg","Accessories","Shopping","American (New)"
"6RXzfIIkpSyGDlZbYy4k3A","Electronics","Professional Services","Home Services"
"rO9C7wNGUCPyNAFNdiHLQ","Health & Medical","Doctors","Massage"
"HRxCNChQNu7maK29qviS7A","Food","Fast Food","Tires"
"xmHD47wkA9LrdFhIcXCKyw","Pet Services","Professional Services","Local Services"
"KmeQRK6Rs05S9mOuvEg","Contractors","Professional Services","Home Services"
"eKVCZlOkvf7gsHazOXdLQ","Jewelry","Professional Services","Home Decor"
"PtJ02ZaHGB7yQxMHI7hDMw","Ice Cream & Frozen Yogurt","Desserts","Specialty Food"
"YrAbFa8KCGdEzQuICmFQ","Professional Services","Home Services","Local Services"
"Z0GZ8ZSkZ3Uq0dL2jf8w","American (New)","Jewelry","Event Planning & Services"
"7NX8yDzFMPs35RtlPLcsBA","Auto Repair","Professional Services","Home Services"
"i1qbDDkvf0RlmkxewkHyA","Professional Services","Home Services","Automotive"
"J9vAdD2dCpFuGsxPIn184w","Seafood","Food","Fast Food"
"gzDTRVYgHDyUmKmRu6pedg","Auto Repair","Professional Services","Home Services"
"MI20v3QRDrCVXgpzjeAg","Salad","Food","Fast Food"
"Xqu75Zj2v7ZGdyTNA7NG3Q","Pet Services","Professional Services","Home Services"
"nByrVglJKHBabl2BvvUnA","Pets","Home Services","Professional Services"
"oki9dBSGNqNP6fF3thB8Q","Auto Repair","Professional Services","Shopping"
"z7XuLXll87QuDjPO2QVMDg","Dentists","Professional Services","Health & Medical"
"D2D2qsxifHaRqNlVhP3YTA","Furniture Stores","Shopping","American (New)"
"7YJrRufp0tlNnihJyXeg","Auto Parts & Supplies","Auto Repair","Professional Services"
"NKg7XSXPlU8NGakmCeXGgw","Professional Services","Home Services","Local Services"
"HGdk9u3YIEkUsS4nYP7yZA","Auto Repair","Professional Services","Home Services"
"UT1zaQ2nGHK45Vq4thRYw","Auto Repair","Automotive","Auto Parts & Supplies"
"VsajJwiaIvVbxQ0aWCTxg","Event Planning & Services","Nightlife","Hotels & Travel"
"xfYOxovSC3ehw0yBzUZGLQ","Professional Services","Local Services","Home Services"
"IhNASEZ3XnBHmuuVnWdIwA","Coffee & Tea","Ice Cream & Frozen Yogurt","Juice Bars & Smoothies"
"np1Ck48TIOFmlNruxzpJfA","Health & Medical","Professional Services","Doctors"
"HHu9VyoA7RB1AR2NIFiT7g","Breakfast & Brunch","Food","Fast Food"
"MmfqdfguEgRCrugA8qed6A","Professional Services","Home Services","Real Estate"
"NW2flon30tSRIDGxdjnnA","Active Life","Arts & Entertainment","Flowers & Gifts"
"iBPyahdJRP5y0t25fF2W9w","Restaurants","Food","Fast Food"
"BLvcA14BVJYSPjaVnNUKFg","Ice Cream & Frozen Yogurt","Coffee & Tea","Desserts"
"E7ZE01pvRgeWEpM0SJ8AQ","Eyelash Service","Skin Care","Professional Services"
"4JdoQ95uXyzoHmPhtdiA","Pet Services","Professional Services","Home Services"
"CeEogZjMVZUT16bQq8LHQ","American (New)","Health & Medical","Active Life"
"73kJo3Yg6jGoXRkEYTIJg","Fitness & Instruction","Trainers","Jewelry"
"QTaa7PvSXU7s1d4CsNgWmQ","Active Life","Shopping","Accessories"
"lH0Ph4DiYSqj9UJBXAq8hQ","Professional Services","Furniture Stores","Home Services"
"AR0ZBtfc4EydtlpxfeBWg","Tires","Oil Change Stations","Professional Services"
"AwlvIsKDqB5LeKNWC6k4kQ","Home & Garden","Food","American (New)"
"DG7blxT5FHAlQGG8A92ZXQ","Professional Services","Home Services","Pet Services"
"tQUdEckIHoIKoUpr90d0A","Trainers","Gyms","Fitness & Instruction"
"iJy7ameVQsas8IA6nGhywg","Dentists","Cosmetic Dentists","General Dentistry"
"DgLrAuOKilHSeH8gFheEw","Hair Stylists","Hair Salons","Hair Removal"
"mssLiOfL1vtoNo3WoEoJw","Salad","Food","Fast Food"
"hZGKkR7SyB6sABAoiXyA","Nail Salons","Massage","Home Decor"
"AxKgZHxyVoBBHNyOESAg","Auto Repair","Professional Services","Coffee & Tea"
"jcsan4Rl4RARDIuv7tXz5Q","Pet Services","Professional Services","Home Services"
"PNRSuNZyLLEo1gmHtb0CXA","Health & Medical","Auto Repair","Event Planning & Services"
"MueAEUT6iqRyOvuIZ5Ixaw","Professional Services","Home Services","Skin Care"
"pIBmepGK6xMZBC20mZw","Hair Stylists","Barbers","Hair Salons"
"PNbX4mT6krRyI0il8Il4Q","Auto Repair","Tires","Oil Change Stations"
"lOYv3HSPkO8hy1jaoERRw","Pet Services","Professional Services","Local Services"
"qkoDky591Z6K4IYhlbtNw","Hair Salons","Hair Stylists","Beer"
"J5TVwnEtNNAWOndZtJig","Professional Services","Tires","Home Services"
"RdUsJhX11B0gENNc4Ml5vw","Food","Fast Food","Breakfast & Brunch"
"BFHTQKVr92xWGyES3UKA","Home Decor","Doctors","American (New)"
"V6HvKxaFcOF5BpVCWaPmg","Home Services","Professional Services","Local Services"
"O7UMzd3iZk8dMeyY9ZwoA","Ice Cream & Frozen Yogurt","Coffee & Tea","Italian"
"uFvx7k8XxQjy0nFhu8ENQ","Coffee & Tea","Jewelry","Accessories"
"1e7GXqhVDs0UXUofjTkVgQ","Professional Services","Home Services","Real Estate"
"MPLfrpdHn9lnzENmoYiA","Hair Removal","Hair Salons","Skin Care"
"XBfvbNHOjifRyhzOKuEw","Massage","General Dentistry","Dentists"
"UyxVtMWnlfRlweWLlonCLw","Event Planning & Services","Professional Services","Flowers & Gifts"
"oRlSv2vCeUxUuByv7TX7A","Professional Services","American (New)","Home Services"
"DxA1Y8TpIepUWcJMGLYDLg","Auto Repair","Auto Parts & Supplies","Automotive"
"FgP9iwQLzrR0Y3STq3JS4A","Massage","Massage Therapy","Day Spas"
"uQlnEOPmGYLFn5nb3qDEtQ","Professional Services","Real Estate","Nightlife"
"x2NuIlQgvvl3Wtq8ipZC6Q","Pets","Pet Services","Doctors"
"0lhQjqxsXuHgcSXiyjIKQ","Dentists","Cosmetic Dentists","General Dentistry"
"YBbev1J6ShVcPLKg1sXg","Ice Cream & Frozen Yogurt","Coffee & Tea","Home Decor"
