"0d31NEyTFbx2J56DPJA","Coffee & Tea","Sporting Goods","Specialty Food"
"CllWR8oLNzOXABf3dgNvA","Pet Services","Professional Services","Sporting Goods"
"O3xJVGXePdnZST8O0sy6g","Electronics","Education","Professional Services"
"Fy1mU2z06UsRgu88ELNOA","American (Traditional)","Event Planning & Services","Skin Care"
"C9QNd6qXSRgSy8n4OBf2mA","Bakeries","Arts & Crafts","Flowers & Gifts"
"jikjjW1bN0swCMguFazcxg","Real Estate","Active Life","Home Services"
"AA4lxVlnFnmQL5g0jgLDTg","Ice Cream & Frozen Yogurt","Desserts","Coffee & Tea"
"q6rBjPhagDYNq1Q1btzg1Q","Auto Repair","Contractors","Auto Parts & Supplies"
"JMkBrqzBKFtVgmpyAy3jKQ","Skin Care","Event Planning & Services","Cosmetics & Beauty Supply"
"1aVbXH4uQCTQU7HfGmyow","Coffee & Tea","Juice Bars & Smoothies","Ice Cream & Frozen Yogurt"
"HvSliqaxluBylII59CQVBg","Asian Fusion","Cosmetic Dentists","Contractors"
"y5bQlEMCMnYba9I5XRzlzA","Delis","Italian","Salad"
"xYIjSJZbiK0nDxdC8LFwJw","Massage Therapy","Massage","Hotels & Travel"
"qNGexUR4IG8eSfs7USrRtA","Fitness & Instruction","Auto Parts & Supplies","Hotels & Travel"
"o4nn1EZU39fE7zMuCyXiA","Massage Therapy","Massage","Active Life"
"hqJMHaqpyL63NhRUqv9eyQ","Juice Bars & Smoothies","Coffee & Tea","Breakfast & Brunch"
"KDh82ODr4adz9ck6ltQYQ","Health & Medical","Arts & Entertainment","Arts & Crafts"
"9qWjF5SiK2MGnu6wBcpw","Juice Bars & Smoothies","Bars","Fitness & Instruction"
"MUHpxyrdwAyghqJF8I7TQ","Pet Services","Event Planning & Services","Active Life"
"h8JaGUKEc657cUnAXLE42Q","Accessories","Furniture Stores","Shopping"
"KYKc7At4gH6T2qQ6JJ3wLw","Professional Services","Home Services","Contractors"
"O1J2zfIGDxDig8WifUSrg","Auto Repair","Auto Parts & Supplies","Education"
"QEE5vBdRf2tuchmZQ3HKg","Pet Services","Active Life","Professional Services"
"5i36Ob9U0cDxPk389dUlw","Auto Repair","Auto Parts & Supplies","Asian Fusion"
"pmp0GowinCJeVMOnxNuZTQ","Fast Food","Gas Stations","Event Planning & Services"
"AnNjZfF7KYRvPljtv9g","Hair Stylists","Arts & Crafts","Hair Salons"
"oaKIZDt0R1qylXeQoSYIg","Auto Repair","Contractors","Auto Parts & Supplies"
"80J9QfTbDYBk88rhd826dA","Oil Change Stations","Auto Parts & Supplies","Auto Repair"
"xEuBPTBLv16vNvHg4DTHQ","Hair Salons","Barbers","Hotels & Travel"
"EZRl9nOwcaED93NnFakvHw","Coffee & Tea","Accessories","Ice Cream & Frozen Yogurt"
"4S358eahT9dfeKpnB1U46Q","General Dentistry","Doctors","Health & Medical"
"RuPGJeuIapA9lg8bE6nuug","Auto Parts & Supplies","Skin Care","Home Services"
"hzAOz6E9gpQf6i6ciHmIPw","Fitness & Instruction","Event Planning & Services","Specialty Food"
"Gpf7Ts64tYUDSExkwQ9SSQ","Cosmetics & Beauty Supply","Contractors","Home Decor"
"tSfo4rtIZqb7S3jytzm5A","Contractors","Auto Repair","Professional Services"
"kvxORTcjQyT4C6Ua6pA","Auto Parts & Supplies","Auto Repair","Professional Services"
"ocfRQyIe2NizLLoYmdK1Xg","Sporting Goods","Tires","Accessories"
"iNDTltptdI3PYOxxXtnyLQ","Contractors","Home & Garden","Active Life"
"JDByKm5mhk0mYC85swSSg","Contractors","Furniture Stores","Electronics"
"BdCn0YbE32nUMfijUP5w","Auto Repair","Ice Cream & Frozen Yogurt","Auto Parts & Supplies"
"28yYO3uXuVZbE3YsvVHahg","Juice Bars & Smoothies","Bars","Beer"
"7RokluwjovXF77EQx6Dc0g","Hair Stylists","Hair Salons","Nail Salons"
"AbHdwEfXJWqGHqabTb5S5A","Juice Bars & Smoothies","Sporting Goods","Accessories"
"8vmuInQkTrRgCxlxo5ymw","Waxing","Beauty & Spas","Day Spas"
"k9b96JXlNewj36ddrce9Jw","Home & Garden","Breakfast & Brunch","Specialty Food"
"ET48I31xcpvFBIq4RKZPpg","Auto Parts & Supplies","Arts & Entertainment","Accessories"
"Ta9m6G8P0pA5nuAJomjQqQ","Auto Parts & Supplies","Auto Repair","Professional Services"
"t9W24Fq8EljFz0XZXyUkQ","Fitness & Instruction","Home Decor","Active Life"
"igPCZTC4rf1E1kgBJ4sLOw","Auto Parts & Supplies","Auto Repair","Tires"
"fF4RanPBRJ4axvNLSD9XVw","Home Services","Local Services","Education"
"q2GzUNQj998GSC8IhkN9hg","Mediterranean","Fast Food","Specialty Food"
"407jyweZL39WScJazVBMQ","Juice Bars & Smoothies","Bars","Beer"
"3C0bnFhjkgYP9mWORKg6cA","Specialty Food","Arts & Entertainment","Active Life"
"fCYAWOefj4jHb5jenFXD8g","Cosmetic Dentists","Home Services","Home & Garden"
"ZiOWBZAgaiVJGu7nX8IgQ","Restaurants","Specialty Food","Fast Food"
"8MBPCwQKFlLJqQhzXddA","Accessories","Flowers & Gifts","Cosmetics & Beauty Supply"
"wIxYAU2jaT6Y9bInc5MXA","Cosmetic Dentists","General Dentistry","Dentists"
"9XfA7NMNKkGbH7yXc8G75A","Fast Food","Professional Services","Pet Services"
"jGlk7K1IB8XyhlBEmeEHQ","Pet Services","Professional Services","Home Services"
"EtNXaL2cOcrxQX8WUUhwsw","Active Life","Event Planning & Services","American (Traditional)"
"TBWis7BxQfSxDLWs3DpoA","Pet Services","Real Estate","Professional Services"
"883p8Iq1DGAcrP6GU5XRog","Sporting Goods","Furniture Stores","Auto Parts & Supplies"
"GnGjeLuG4EmjcYrhHlvP7Q","Electronics","Arts & Entertainment","Home Services"
"BPAm6JH34HB9FG5Jx1Nig","Salad","Specialty Food","Fast Food"
"ZhMTztc2PsoXb2jZZdQZfg","Massage Therapy","Health & Medical","Medical Centers"
"ir3290jmmZUZYa2Z600PIA","Health & Medical","Education","Professional Services"
"xZpZvAqZSla5c72CuNKnJA","Sporting Goods","Accessories","Auto Parts & Supplies"
"uVbmYmuD5oi6PzujOwgA","Ice Cream & Frozen Yogurt","Fast Food","Specialty Food"
"FzaNlxDCq7LA5O6ydvmw","Sporting Goods","Oil Change Stations","Medical Centers"
"gVhX5xcnGjHE3mF2eXqKYg","Arts & Crafts","Arts & Entertainment","Flowers & Gifts"
"W3HI9tfQ8DAAJdkVWz5dQw","Auto Repair","Real Estate","Cosmetics & Beauty Supply"
"KTI9e6Dbw5xu1zKvuKFNiQ","Asian Fusion","Tires","Gas Stations"
"uPJxxt2Qn8uGT2NJvzcGYg","Pet Services","Professional Services","Home Services"
"Nc7cqq5k0WZsVhu25QrmNQ","Electronics","Gas Stations","Oil Change Stations"
"sVdGXBgEv5DOlLuFoprhQ","Sporting Goods","Hotels & Travel","Nail Salons"
"68O4uYCd0YToLOLqHTBSZQ","Arts & Entertainment","Hotels & Travel","Asian Fusion"
"CQxhyLM833WF45yrS9yeAA","Pet Services","Pets","Active Life"
"nfDPXxOOVAU6OpI9sl3Flw","Beer","Juice Bars & Smoothies","Local Services"
"bllbhpF4iReTO68tG0WgkQ","Massage Therapy","Massage","American (Traditional)"
"BolK3j0LiGtxYxfRhGJFvA","Furniture Stores","Shopping","Health & Medical"
"BCSofuQwu1VE8wjzDaQ3qQ","Juice Bars & Smoothies","Bars","Home Decor"
"sBm7kXdd63sIvIb3bp1MQ","Massage Therapy","Day Spas","Beauty & Spas"
"kR4NBNFf5SLpeAtZuPoPg","Ice Cream & Frozen Yogurt","Bakeries","Italian"
"Delyh0oCJJGPta5WeSlA","Electronics","Auto Repair","Education"
"OJxLUNDWJv7jmNJxBo53A","Furniture Stores","Flowers & Gifts","Shopping"
"G4hjhtAwQtSOGpgGlDjw","Seafood","Mexican","Specialty Food"
"fR2v1bU3jbWVJ0UuMmeHw","American (Traditional)","Specialty Food","Local Services"
"h1Jq1YlqPyD1mGSW0sjRaQ","Auto Parts & Supplies","Home Services","Eyelash Service"
"w1fJzm0ladnhvT7Jc0MJ6w","Barbers","Hair Salons","Hair Removal"
"IZKjHtCuRlbhyD1WtGd8uA","Nightlife","Event Planning & Services","Arts & Entertainment"
"Syk1I7nPaE2t6HWVO0nZA","Hair Removal","Skin Care","Health & Medical"
"jKN5rK1p9iKFjChWVdb6Ww","Juice Bars & Smoothies","Bars","Nightlife"
"kOsLCcNDWii4Bg4evWANxw","Electronics","Arts & Entertainment","Home Services"
"u7cg4p9Umh5HKyU7Jl6vQ","Hair Stylists","Nail Salons","Hair Salons"
"ZghQ7ilYOCkGr9MhjlLjBA","Oil Change Stations","Auto Parts & Supplies","Auto Repair"
"QNHmtZSfFEyIvuKe73DzMA","Nail Salons","Pets","Pet Services"
"sqnr6XgcNNk26GHPq1IpA","Hair Salons","Hair Stylists","Oil Change Stations"
"0bjFYstj8USMzEV4ZQldjA","Coffee & Tea","Home Decor","Local Services"
"KUOt2xUcGxpVPezXZAzQ","Oil Change Stations","Auto Repair","Auto Parts & Supplies"
"u3exVNGKE0iJ7nnxS3BbA","Juice Bars & Smoothies","Coffee & Tea","Home Decor"
"cfuFIFZk4u7A48yn3y10Zw","Breakfast & Brunch","Desserts","Home & Garden"
"rubyBEGXLBLUJAuEtKEuw","Flowers & Gifts","Home & Garden","Cosmetics & Beauty Supply"
"ZHoTQbkhGcLw9OqrTiZQ","Home & Garden","Arts & Entertainment","Arts & Crafts"
"gv25mX4GkYnKaEqTNNMnQ","Pet Services","Auto Parts & Supplies","Active Life"
"Q3SAIIFURXZu421zG17N0A","Ice Cream & Frozen Yogurt","Fast Food","Local Services"
"ydXEHoJBsY4cOdotR4eNw","Hair Stylists","Hair Salons","Nail Salons"
"QtxTLatcq133Pfnl90ZB9Q","Mediterranean","Seafood","Salad"
"tMBdSpCT65N9JhoBWZLNQ","Cosmetic Dentists","Dentists","General Dentistry"
"ZKUIoogqjFJyLNP0TW3A","Electronics","Auto Repair","Fast Food"
"M3P8cBifSwYorQU38Dqpg","Event Planning & Services","Fitness & Instruction","Auto Parts & Supplies"
"wiRJwuq4sCoTFCehR1WuOg","Contractors","Active Life","Furniture Stores"
"2vIC2DIximgBjTRgbWwXA","Professional Services","Event Planning & Services","Active Life"
"8LYul0GwtmoYOoXX1fpwg","Event Planning & Services","American (Traditional)","Gas Stations"
"7JVmDCwUVBs4UobLv01hLw","Professional Services","Tires","Gas Stations"
"v6dqe7U2MVtaWyHbvtwtw","Massage Therapy","Massage","Day Spas"
"TcSGXZhrdJi1mtwV0POTQ","Jewelry","Auto Repair","Furniture Stores"
"mmG1pgti52kCoDWSukdqqQ","Waxing","Nail Salons","Cosmetics & Beauty Supply"
"micICxePKxnPERTZr0xDQ","Medical Centers","Professional Services","Auto Repair"
"A4NuAm6Ie1aYOtFQcrb0Q","Jewelry","American (New)","American (Traditional)"
"lZ9w5Hd5YlmqcTdnzztvA","Flowers & Gifts","Accessories","Specialty Food"
"2qSoPkVt7P9fgc6IDLA","Cosmetic Dentists","Dentists","General Dentistry"
"nqKLJ9q7jvnzRKW4RIu3qw","Professional Services","Home Services","Hotels & Travel"
"MgaFkl7CTZZfXUJ79FIWGQ","Arts & Entertainment","Real Estate","Auto Parts & Supplies"
"ewmTwsZqCHH2gvCeDKz0dw","Asian Fusion","Seafood","Sporting Goods"
"edbJTIt4IcQUt9jQTvuhg","Active Life","Event Planning & Services","Professional Services"
"RzXSaz2BjPBHeJzEIUKoQw","Breakfast & Brunch","Cafes","Fast Food"
"J6WnhToRaJ2TtLbRpKF3Lg","Nail Salons","Waxing","Hair Salons"
"WuH8ncHXNBvAna7tBX7xg","Massage Therapy","Oil Change Stations","Gas Stations"
"4eIFraJQ5sVZm3Wj6oMzAQ","Home Decor","Juice Bars & Smoothies","Bars"
"oeRLD870Z76FD1OYW8jbSQ","Fitness & Instruction","Active Life","Day Spas"
"LlmiXzE08XKwI2e4JdA","Specialty Food","Oil Change Stations","Fast Food"
"Bv6MOsh4jaL1bHOZpkKlg","Professional Services","Home Services","Contractors"
"eNGEqOTCHTnqoOYszx8xoQ","Hair Stylists","Hair Salons","Nail Salons"
"FUFrBIHOdFXTLzD3JL1vQ","Cosmetic Dentists","Health & Medical","Dentists"
"1vLfv7foAu3tJ7vAEoKdA","Pet Services","Home Services","Pets"
"M0GUqlmY7crtQX3WFhxw","Flowers & Gifts","Nail Salons","Skin Care"
"5CTmFgqxx7nl8jzQK2DuA","Eyelash Service","Home & Garden","Cosmetics & Beauty Supply"
"BjnOE2PDjZcJmMMUMPiJig","Hair Salons","Hair Stylists","Nail Salons"
"uet3BcIwFW487zxtePsrw","Cafes","Medical Centers","Fitness & Instruction"
"efSbCWuU0FJbLmPC5CDfdg","Auto Parts & Supplies","Event Planning & Services","Tires"
"NA9WSNjAqJVzpgC29xURQ","Fast Food","Professional Services","Eyelash Service"
"cOqd9ou3uf1k3OWFoCQ","Fast Food","Salad","Oil Change Stations"
"AbmwC69qKOhtstAWuXvLIg","Contractors","Auto Parts & Supplies","Cosmetics & Beauty Supply"
"Xk9vQupA97SSEvkB16otRg","Furniture Stores","Shopping","Education"
"JxjY94b4EfrFVsDCEdP5dA","Tires","Medical Centers","Nail Salons"
"bh0dRmSXjNWZLRys2VmW6A","Sporting Goods","Accessories","Furniture Stores"
"VOKCaJMMSpAGgrx2RG7Ueg","Auto Parts & Supplies","Auto Repair","Asian Fusion"
"LRnzpnNQWwpN3Bu24W53CA","Ice Cream & Frozen Yogurt","Juice Bars & Smoothies","Bars"
"TYDHF1WRblen2Gup0jQUg","Health & Medical","Medical Centers","Doctors"
"k5ddmLvAKKw9zSusRPM2cQ","Caterers","Event Planning & Services","Hotels & Travel"
"IjRMUEf19Y1MmIVjqGyS4g","Ice Cream & Frozen Yogurt","Real Estate","Home Decor"
"JMc6OcqMbLjQP0Rc07EAzA","Waxing","Beauty & Spas","Hair Salons"
"Ci5jgkoNYPjIkvcUQoilA","Contractors","Auto Parts & Supplies","Gas Stations"
"2KadiQLTen9mNdXgKR5A","Seafood","Ice Cream & Frozen Yogurt","Oil Change Stations"
"hnpC4SaoajWJHh8U1EXUQ","Health & Medical","Medical Centers","Doctors"
"hM3TwxTeXWvdXZUiFkZ9g","Furniture Stores","Active Life","Pet Services"
"nDpQjxCvO3hcOU9EUHAvZg","Fast Food","Professional Services","Home Services"
"vfu0sv2UvbtsUjDF6MzZA","Medical Centers","Gas Stations","Professional Services"
"ndTgznMYNe0n26VqzecEKQ","Pet Services","Furniture Stores","Pets"
"nv2z5SYQR0JlzflUrm00Mw","Flowers & Gifts","Sporting Goods","Arts & Entertainment"
"1l1xbVgzRBr48dK6KHCL0w","Home Services","Event Planning & Services","Auto Parts & Supplies"
"7RR1rbyEKKo2GRACqAfoA","Beer","Fast Food","Specialty Food"
"qEY6ceR1HVogrvcQuKHnBQ","Pubs","Juice Bars & Smoothies","Bars"
"hk3mC8gDnSEJOtmbILDBA","Hair Stylists","Hair Salons","Hair Removal"
"O4kYogia0fbF85pCX10XiA","Seafood","Fast Food","Real Estate"
"7h08ecPN5bcW1Gp6UQZxNQ","Auto Parts & Supplies","Professional Services","Auto Repair"
"KcCEAftn9JiKPgad7y2lg","Real Estate","Home Services","Contractors"
"CPi7KGba3x3QjMmIqD4aWw","Oil Change Stations","Gas Stations","Pubs"
"hrlE8kBzCIqXaLuaVNC9w","Asian Fusion","Electronics","Auto Parts & Supplies"
"EDlGfPFcejyDvAOKpUgrKg","Flowers & Gifts","Auto Parts & Supplies","Event Planning & Services"
"zJjs7CxwU4GhdBdeRA","Coffee & Tea","Hotels & Travel","Breakfast & Brunch"
"E94lGPASDOwEbbA3zvfxkg","Massage Therapy","Day Spas","Massage"
"LUmwRZzVKZ9CM7FyHnDQ","Massage Therapy","Massage","Beauty & Spas"
"gAqckPMHgXQOnJ0G3OPgFw","Flowers & Gifts","Ice Cream & Frozen Yogurt","Sporting Goods"
"stwEHZ4qMuhF8KmlI4EVw","Beauty & Spas","Skin Care","Day Spas"
"zPxWTy2WOslWtKCr8B1nQ","Electronics","Auto Parts & Supplies","Sporting Goods"
"VMeXFzWwBF2PSHx6EpII4A","Mexican","Fast Food","Specialty Food"
"sCsWzEMOlk6WVCEHjk1w","Electronics","Auto Repair","Accessories"
"VbalAZnu2w6NttIKfdjDg","Coffee & Tea","Arts & Crafts","Cafes"
"f4d8cyTwhxHnsrC1Ws4LQ","Waxing","Hair Removal","Active Life"
"w6ptb6X7YsDiwllNhOMSQ","Hair Salons","Nail Salons","Cosmetics & Beauty Supply"
"gqNGt711f0azWOBE5pihjQ","Home Services","Home & Garden","Home Decor"
"ENzLJkb8eXP8fGBzG5aGXg","Flowers & Gifts","Pets","Pet Services"
"q0iqz7ZQmOi7TqqciKVJYw","Ice Cream & Frozen Yogurt","Italian","Cafes"
"iWZE0ZluD93zJqUTkujxg","Medical Centers","Doctors","Active Life"
"5BSrguKmbBb9W4R5IvbW7w","Jewelry","Education","Event Planning & Services"
"UAZNEIX8tc8Kk5XFd4UA","Jewelry","Real Estate","Shopping"
"cEU8yhCpCHywtImYeM1y5g","Medical Centers","Auto Repair","Tires"
"Lcn8bGwxg3kilmtRbOn9ZQ","Pets","Pet Services","Health & Medical"
"XfUg7AJJliNGNFseki2y3Q","Jewelry","Professional Services","Skin Care"
"EaDpmkkBnxPR5RjrZ0PCVA","Furniture Stores","Auto Parts & Supplies","Sporting Goods"
"vUJ08IkoUu5eaccWWFNIXg","Fitness & Instruction","Trainers","Oil Change Stations"
"ahGtKEHYxY3igWrTHh7FVQ","Breakfast & Brunch","Cafes","Specialty Food"
"3Ag1VmOTjJGaDHme5fKzXg","Pet Services","Professional Services","Event Planning & Services"
"xCL38K0oPgK3ydzg4CrvKg","American (Traditional)","Specialty Food","Fast Food"
"u2Z7wvTpZJzQEhfFBS06g","Oil Change Stations","Home Services","Local Services"
"qHQPvp6pZ75fB63kOKUPqg","Pet Services","Furniture Stores","Professional Services"
"Eim8jt0BY7EXikAAJ3hQ","Nail Salons","Oil Change Stations","Hair Salons"
"6lgRm13PvA6iMGc7PmqK9Q","Ice Cream & Frozen Yogurt","Asian Fusion","Desserts"
"XGMpMJ94OyHmAYRVMdEnGQ","Health & Medical","Active Life","Massage Therapy"
"konatiSHu14lkfjntSao4g","Furniture Stores","Electronics","Professional Services"
"c5uSmULnX5XchbSyOoxlg","Professional Services","Pets","Pet Services"
"U3gKpibRclRzbKlUx6Rukg","Event Planning & Services","Oil Change Stations","Hair Salons"
"NpNyANi117d3TqMBpcMWPw","Event Planning & Services","Active Life","General Dentistry"
"R7ARWB2oYf65SGxIXKXw","Real Estate","Home Services","Home & Garden"
"shJPvAZ1pdUVm9DORQ6g3g","Event Planning & Services","Hotels & Travel","Hotels"
"jkUGeWyzxM8LTgtbFj5YAw","Fitness & Instruction","Arts & Entertainment","Arts & Crafts"
"LaTu6zWyJsrZfCekL3tctg","Auto Repair","Medical Centers","Auto Parts & Supplies"
"jRxLnJ9my31ReO2MvQGhw","Asian Fusion","Fast Food","Mexican"
"vT812nRctS62PVxUverayw","Asian Fusion","Specialty Food","Home Decor"
"Nrlso9qAZNUDqV3hQg2FA","Hotels & Travel","Hotels","Pet Services"
"YruYVhml6TGxHNzgrz8jFA","Professional Services","Home Services","Fast Food"
"t5JpYelGyKLuU2wP2zoCQ","Fitness & Instruction","Event Planning & Services","Gas Stations"
"llPDpKhxanmdYNmWugckrQ","Nail Salons","Waxing","Cosmetics & Beauty Supply"
"dSwn4VldsPJpdyH8r98fow","Cosmetics & Beauty Supply","Skin Care","Beauty & Spas"
"kQGwxq5hOM9TLIwO8AjHvQ","Furniture Stores","Auto Parts & Supplies","Real Estate"
"QEgvfB8OUq5XUURbw2DA","Fitness & Instruction","Auto Parts & Supplies","American (Traditional)"
"YTMbzy3SXiDtqQOfZRD7lw","Oil Change Stations","Auto Parts & Supplies","Auto Repair"
"DWzEDXeEyg0VakA09vOTg","Pets","Health & Medical","Doctors"
"QXg8xvdDP8AqeOBPbrXMA","Cosmetic Dentists","Dentists","Health & Medical"
"cePE3rCuUOVSCCAHSjWxoQ","Ice Cream & Frozen Yogurt","Fast Food","Asian Fusion"
"V2Q52jmcL5JvwxRRNFCSQ","Professional Services","Real Estate","Local Services"
"LUWMn6XeEDdXNsJaWJSoMw","Jewelry","Arts & Crafts","Flowers & Gifts"
"HwfEGNYgE0UZ3aHgCTQCfw","Nail Salons","Pet Services","Health & Medical"
"Kp4i7on7rxFRkWceKfL2Ig","Arts & Entertainment","General Dentistry","Real Estate"
"4QptQBr500iB7J19pFw","Jewelry","Medical Centers","Auto Repair"
"Wcos8wvTMjpAs50rxm1BQ","General Dentistry","Cosmetic Dentists","Dentists"
"GxiYMg1OyXN958bN87Vhw","Hair Stylists","Massage Therapy","Hair Salons"
"qxZlGhgCrJ48FUj9LWKg","Cosmetics & Beauty Supply","Auto Parts & Supplies","Breakfast & Brunch"
"hHq4qNDIWn6Ag9dgvAAcg","Cosmetics & Beauty Supply","Beauty & Spas","Hair Stylists"
"wFNxIIn4G2hf6R8PJPU5w","Tires","Auto Parts & Supplies","Professional Services"
"HzEYCOPszY0BH1sqTdwa9A","Contractors","Education","Auto Repair"
"0zC1EGTJFd5xPjHruQMZQ","General Dentistry","Cosmetic Dentists","Dentists"
"HedTudf5G6B1rpdhH1CQ","Flowers & Gifts","Home Decor","Real Estate"
"gvBADstbU8dIMRltN3eA","Hair Removal","Professional Services","Home Services"
"NNkxbl9EpauespBHb7JNoA","Flowers & Gifts","Active Life","General Dentistry"
"dja9beNvddSmXxn8At5aQ","Sporting Goods","Breakfast & Brunch","Arts & Entertainment"
"EVl5rbR90yb9vqyq4o5K3A","Hair Removal","Electronics","Furniture Stores"
"wKNnjBz2UjdhtlrZtq9aw","Hair Stylists","Hair Salons","Event Planning & Services"
"Dk1upHQNYVIkR5ky3sL7A","Electronics","Auto Repair","Auto Parts & Supplies"
"5md4i4diIWMNYQgHMjNbg","Hotels & Travel","Breakfast & Brunch","Gas Stations"
"dcOTPSLXZvJnJjm6bDYA","Auto Parts & Supplies","Specialty Food","Automotive"
"hSyAdVKS9mttVVxMpEQRBQ","Coffee & Tea","Home Decor","Automotive"
"4hukhycDlOIhTMZcN3w","Eyelash Service","Waxing","Nail Salons"
"6ockUmdOBYBApEsUCJkBzA","Ice Cream & Frozen Yogurt","Juice Bars & Smoothies","Mexican"
"gWqwzJTx8g588U3f7BkZnw","Hair Stylists","Hair Salons","Hair Removal"
"8XUyss7r1or5HxuIlWK2ZQ","Auto Repair","Contractors","Real Estate"
"JOhCJISMK3szRWhg2e0A","Breakfast & Brunch","Juice Bars & Smoothies","Ice Cream & Frozen Yogurt"
"JDU3pZDynB6l8swzVlQA","Barbers","Beer","Active Life"
"ASg9gG8x4IaaYnePCBa2Kg","Ice Cream & Frozen Yogurt","Italian","Education"
"3pSUrcdrphurO6m1HMP9A","Asian Fusion","Specialty Food","Arts & Entertainment"
"Wipy66VvmSaLLX7OMNlU2A","Medical Centers","Home Services","Active Life"
"TcTqwLLEuIT2oGbEeGMDJg","Asian Fusion","Breakfast & Brunch","Auto Repair"
"UH7xZZipHLFGLq9OAzj3g","Beauty & Spas","Day Spas","Cosmetic Dentists"
"6TDdpon8LosFXvjL9QJdYg","Hair Stylists","Hair Salons","Arts & Entertainment"
"AwcNjlTqWBObQ9XXCFpg2g","Pet Services","Furniture Stores","Professional Services"
"sl0JapB6x1VKUVY2PyJ7rA","Breakfast & Brunch","Cafes","Coffee & Tea"
"5t570crNbH4YmGlJErog","Doctors","Oil Change Stations","Real Estate"
"SWZ7Gv80ozoYy4DWKCw48g","Juice Bars & Smoothies","Specialty Food","Fast Food"
"cNEMXz1IWVv9YweDNlWi0Q","Sporting Goods","Furniture Stores","Cosmetic Dentists"
"gXU8gjs64viFq69UTsCjDw","Cosmetic Dentists","Cosmetics & Beauty Supply","Doctors"
"Mie7AsXtQUOEpHTMpk5Z2A","Gyms","Fitness & Instruction","Trainers"
"QOE93SXgKd8EsaUTDaXhA","Ice Cream & Frozen Yogurt","Event Planning & Services","Active Life"
"pInDxskIAcXxbQ5lDIZQ","Breakfast & Brunch","Asian Fusion","Juice Bars & Smoothies"
"v7jTlmm06g0uwdpvCvbqbw","Beauty & Spas","Cosmetic Dentists","Day Spas"
"3dLHLQ7KxPv7AAejrL5ukw","Eyelash Service","Waxing","Hair Salons"
"gJhMeq2nVH27tz8LqbD3eQ","Arts & Entertainment","Hotels & Travel","Oil Change Stations"
"vyMYESwDpWa1pRSUBBM4XA","Flowers & Gifts","Event Planning & Services","Fitness & Instruction"
"l1GJnB9TJgGgEeI4at1M0A","Mexican","Specialty Food","Fast Food"
"odr7wuHWQeA0r9iUWZml8w","Professional Services","Home Services","Local Services"
"grvkjaJB9aorAMIjGD6XSg","Oil Change Stations","Auto Repair","Tires"
"zXvtouoaOsL0Bp0udugAjQ","Hotels & Travel","Hotels","Fitness & Instruction"
"bmS1onKPckNWPPREDAC8Gw","Skin Care","Event Planning & Services","Hair Salons"
"qMyYY8zpHusOXUd6wmqX2w","Auto Repair","Auto Parts & Supplies","Asian Fusion"
"okgI89cCzqzMTUPCeBew","Education","Event Planning & Services","Flowers & Gifts"
"YSdxFINzbpbwXRtPd1FxQ","Automotive","Oil Change Stations","Auto Repair"
"EpPOZAG0u7qHPjv5HjFUg","Ice Cream & Frozen Yogurt","Seafood","Salad"
"wc7vEJocrLXu3ny7y2Tag","Automotive","Auto Parts & Supplies","Oil Change Stations"
"SSCH4Z2gwhh2KZy7aH4qw","Breakfast & Brunch","Salad","Specialty Food"
"sBfEBOoKgWcYhLXt7i3nw","Oil Change Stations","Automotive","Auto Parts & Supplies"
"ediUPuffMZsni4AAN61w","Home Services","Local Services","Professional Services"
"g6LoVN4geIRdABs8wezw","Pet Services","Pets","Professional Services"
"WvwENsHY5kYIiL7xU2wF8Q","Massage Therapy","Massage","American (Traditional)"
"DY6jiQftRsbrlfaEibOaAA","Hair Stylists","Hair Salons","Hair Removal"
"5SJIUeayoebPjCaSasfWZA","Ice Cream & Frozen Yogurt","Auto Repair","Fast Food"
"rzIEdF0V3qedf7T5loVvsA","Pubs","Cafes","Specialty Food"
"vJLIzMHqbFYss5dwkDNpA","Hair Salons","Hair Stylists","Nail Salons"
"dEGxMMrelPO5T6FXklHOw","Auto Repair","Electronics","Auto Parts & Supplies"
"ZPelfio4hB7EzLtNtD5PQ","Health & Medical","Pet Services","Pets"
"SJYUvd7zgPsCIGYvdYRA","Massage Therapy","Massage","Event Planning & Services"
"xM85pGuYSvLTUEfm3Nm5uA","Health & Medical","Medical Centers","Doctors"
"VIeM1YbBJ3ZqFqoY8yUgw","Auto Repair","Auto Parts & Supplies","Event Planning & Services"
"GSaU7xmPPArq7uY5kbAg","Juice Bars & Smoothies","Coffee & Tea","Home Decor"
"SbI9phUuuFPh1j3zxIvO2g","Home & Garden","Contractors","Home Services"
"8pRVvHd7GDNLbWCUcaX36A","Pet Services","Professional Services","Furniture Stores"
"eWX0XKKick8Z44QGlsO4Lw","Event Planning & Services","Arts & Entertainment","Professional Services"
"ZcOxoOXKgK5HmSQvUqHBNQ","Health & Medical","Doctors","Medical Centers"
"jqQwHUrZk8M6uPPw3CPoFg","Waxing","Skin Care","Oil Change Stations"
"9fBwxdHyJRS1nLkMJ8cavw","Auto Parts & Supplies","Auto Repair","Tires"
"eJcWplcnIx6lRmQoRFDw","Hair Salons","Nail Salons","Skin Care"
"pzNgg9XpaHKuAY9b5ClIQ","Hair Stylists","Hair Salons","Nail Salons"
"56d3dE1LoZZMxAkTQvqew","Cosmetics & Beauty Supply","Event Planning & Services","Active Life"
"U5Ow3ffmrG4MmTZLK6jdg","Specialty Food","Fast Food","Food"
"xjz22Lw9z7C2ACpiu2d0hA","Beauty & Spas","Day Spas","Waxing"
"02hhtAO83rZBU1hflleElA","Mexican","Fast Food","Specialty Food"
"tIX6o1jkLrrmsJIdGUjA5A","Automotive","Professional Services","Asian Fusion"
"9P23V64kYz3trn9ecaJJA","Seafood","American (Traditional)","Restaurants"
"vfQ2icKIQ7CSNUd3pugoA","Cosmetics & Beauty Supply","Contractors","Professional Services"
"tTNKDns4U8EsqaxCvQVtng","Oil Change Stations","Contractors","Sporting Goods"
"GzYAIjVULpRrFV2dQMKDog","Italian","Salad","Cafes"
"bcgpyqPjC81lODTHzLMhw","Contractors","Auto Repair","American (New)"
"evTWdlBsQl6EMiVcm0fXww","Nightlife","Juice Bars & Smoothies","Bars"
"TcQW4DNawqXGACLawaieyg","Auto Parts & Supplies","Pets","Cosmetics & Beauty Supply"
"yMeyFt8ktPvzN0qFYLljMw","Medical Centers","Auto Repair","Hair Removal"
"8gDBvHXqHguVZJPsq5cTZg","Waxing","Hair Salons","Skin Care"
"jH72pWtc1KXavB3zNtOu9A","Furniture Stores","Contractors","Pets"
"LT0y32F1w2KGltoU0fSYg","Pet Services","Professional Services","Home Services"
"TBBeSHTGuaK9Jv09j3iDuA","Beer","Juice Bars & Smoothies","Bars"
"fDSQO4vC5HoxoecLIzmtg","Fitness & Instruction","Asian Fusion","Active Life"
"I02fZsl5otCPP1XRu0y40Q","Home Services","Home Decor","Home & Garden"
"ay6VSfANiKOZvma7iZS0Q","Hotels & Travel","Hotels","Furniture Stores"
"aTlN0kN0gLycCd4uV1GmHw","Medical Centers","Auto Parts & Supplies","Electronics"
"yawvvAWEqmBKp2olpCSnbQ","Arts & Crafts","Auto Repair","Electronics"
"p1MZyPUMflxMARQ6I8X3Kw","Gas Stations","Mediterranean","Juice Bars & Smoothies"
"rkAxZDtaYtUIvllAub0P6w","Steakhouses","Asian Fusion","Gas Stations"
"9vG7UBYjYLDNb3VS1EZqEw","Hair Removal","Skin Care","Hair Salons"
"fTBygTz5qYZpSsglgDbg","Sporting Goods","Fitness & Instruction","Cosmetics & Beauty Supply"
"GQkYDEjmgCWCYxsLqZPg","Hotels & Travel","Hair Salons","Waxing"
"m9eF1rD6Cnwn69z45cBLA","Delis","Specialty Food","Fast Food"
"jehAqzQ6Rs6xGn5LH7kDww","Nail Salons","Eyelash Service","Hair Salons"
"GpVk87Zw6IGXq5pPcuF7Sg","Waxing","Beauty & Spas","Day Spas"
"BrHBBmcreBaICZNkLOOZXA","Cosmetics & Beauty Supply","Auto Parts & Supplies","Accessories"
"PhMfnMldVKXo7HqHw6DSrg","Juice Bars & Smoothies","Cosmetics & Beauty Supply","Beauty & Spas"
"x9iowB154EIeeO832IdlQ","Barbers","Hair Salons","Hair Removal"
"7anbmNh1V7mqgHVQYvd09g","Electronics","Event Planning & Services","American (New)"
"nKph91qATrPCbJQwZjDZw","Gas Stations","Oil Change Stations","Tires"
"3xEO9oyGqfOO8eSlxYTBA","Day Spas","Beauty & Spas","Asian Fusion"
"bNJMSgkabFWU5AL7gWw","Flowers & Gifts","Event Planning & Services","Home & Garden"
"zdFqaUk76GAWsDZgPSWGA","Real Estate","Home Services","Home & Garden"
"n1dkll5Da4usT2MpnQuFg","Doctors","Health & Medical","Medical Centers"
"m8o3OrY0DWfqvk820EyrxQ","Electronics","Cosmetics & Beauty Supply","Auto Repair"
"ab3BhBFlkfvlUwg8w01g","Active Life","Arts & Entertainment","Auto Repair"
"cf6Qd6k1AEvAsECr4fXkyQ","American (Traditional)","American (New)","Gas Stations"
"UqZ9Uld1Vz3GS01WaiDOBw","Flowers & Gifts","Jewelry","Massage Therapy"
"5Daylf10DyvKk9tmKqjRA","Beer","Specialty Food","Juice Bars & Smoothies"
"7VfktTKKixMGdS2K71Urw","American (Traditional)","American (New)","Trainers"
"JjwaWCK73efAwVZRksWSw","Desserts","Mediterranean","Ice Cream & Frozen Yogurt"
"7QSFLU0AGAUqwnQWg3qHqQ","Gas Stations","Education","Professional Services"
"yzOpvalbaKF6QRas5VDJw","Pet Services","Auto Parts & Supplies","Nail Salons"
"tQJ4fgeTmuGQh0o4K4bg","Contractors","Professional Services","Home Services"
"zU6DqIWpn1G87YbzHBxtA","Contractors","Professional Services","Home Services"
"IlsxDj7OhvFKge4lcZkX8g","Event Planning & Services","Active Life","Fitness & Instruction"
"52yWGkwnrQXIjvuMjYxsiA","Delis","Bakeries","Italian"
"G0KaActEId2wz0fQMPKPw","Oil Change Stations","Active Life","Auto Repair"
"HqIKlhg6OKhpBfEvMwSIwA","Accessories","Event Planning & Services","Active Life"
"ZQCu2fgGoatxA6aAm82axQ","Pubs","Beer","Arts & Crafts"
"kafUXRNfQm3eU14S2WbmA","Italian","Specialty Food","Salad"
"FR2XNAoGmWaFMDgkEjwptQ","Hair Stylists","Hair Salons","Hair Removal"
"JjcJVqhZXhP4tvOhg3fnag","Gas Stations","American (New)","Auto Parts & Supplies"
"rry0ESbBfS9sacxsUVqg","Jewelry","Education","Furniture Stores"
"32JWhoHKiu1wRFTvHvW9Q","Ice Cream & Frozen Yogurt","American (Traditional)","Home & Garden"
"lsHmnOZNlsKnEDsNmT5Q","American (New)","American (Traditional)","Home Services"
"P434fL0CIv9S2cJykvG5Q","Skin Care","Beauty & Spas","Cosmetic Dentists"
"m9tqikMMYkKWYFCpk2Vw","Barbers","Active Life","Hair Salons"
"56jlcGj5X9SpM2KzLm4A","Cosmetics & Beauty Supply","Eyelash Service","Oil Change Stations"
"raZj7ddNFTav4LSEPp2llg","Accessories","Furniture Stores","Shopping"
"6RXzfIIkpSyGDlZbYy4k3A","Electronics","Cosmetic Dentists","Auto Parts & Supplies"
"rO9C7wNGUCPyNAFNdiHLQ","Health & Medical","Doctors","Medical Centers"
"HRxCNChQNu7maK29qviS7A","Arts & Crafts","Cosmetics & Beauty Supply","Fitness & Instruction"
"xmHD47wkA9LrdFhIcXCKyw","Furniture Stores","Pet Services","Local Services"
"KmeQRK6Rs05S9mOuvEg","Contractors","Home Services","Cosmetic Dentists"
"eKVCZlOkvf7gsHazOXdLQ","Jewelry","Juice Bars & Smoothies","Auto Parts & Supplies"
"PtJ02ZaHGB7yQxMHI7hDMw","Ice Cream & Frozen Yogurt","Desserts","Arts & Entertainment"
"YrAbFa8KCGdEzQuICmFQ","Cosmetics & Beauty Supply","Auto Parts & Supplies","Auto Repair"
"Z0GZ8ZSkZ3Uq0dL2jf8w","Event Planning & Services","American (New)","Juice Bars & Smoothies"
"7NX8yDzFMPs35RtlPLcsBA","Medical Centers","Cosmetics & Beauty Supply","Auto Repair"
"i1qbDDkvf0RlmkxewkHyA","Cosmetic Dentists","Fitness & Instruction","Professional Services"
"J9vAdD2dCpFuGsxPIn184w","Seafood","Desserts","Fast Food"
"gzDTRVYgHDyUmKmRu6pedg","Auto Repair","Auto Parts & Supplies","Hotels & Travel"
"MI20v3QRDrCVXgpzjeAg","Salad","Breakfast & Brunch","Home & Garden"
"Xqu75Zj2v7ZGdyTNA7NG3Q","Pet Services","Pets","Home Services"
"nByrVglJKHBabl2BvvUnA","Active Life","Pets","Real Estate"
"oki9dBSGNqNP6fF3thB8Q","Auto Repair","Shopping","Auto Parts & Supplies"
"z7XuLXll87QuDjPO2QVMDg","Cosmetic Dentists","Dentists","Health & Medical"
"D2D2qsxifHaRqNlVhP3YTA","Furniture Stores","Shopping","Accessories"
"7YJrRufp0tlNnihJyXeg","Auto Parts & Supplies","Auto Repair","Electronics"
"NKg7XSXPlU8NGakmCeXGgw","Professional Services","Home Services","Event Planning & Services"
"HGdk9u3YIEkUsS4nYP7yZA","Auto Parts & Supplies","Contractors","Professional Services"
"UT1zaQ2nGHK45Vq4thRYw","Oil Change Stations","Auto Repair","Auto Parts & Supplies"
"VsajJwiaIvVbxQ0aWCTxg","Event Planning & Services","Nightlife","Hotels & Travel"
"xfYOxovSC3ehw0yBzUZGLQ","Professional Services","Local Services","Fast Food"
"IhNASEZ3XnBHmuuVnWdIwA","Coffee & Tea","Ice Cream & Frozen Yogurt","Cafes"
"np1Ck48TIOFmlNruxzpJfA","Health & Medical","Medical Centers","Doctors"
"HHu9VyoA7RB1AR2NIFiT7g","Breakfast & Brunch","Hotels & Travel","Flowers & Gifts"
"MmfqdfguEgRCrugA8qed6A","Professional Services","Home Services","Real Estate"
"NW2flon30tSRIDGxdjnnA","Arts & Entertainment","Active Life","Flowers & Gifts"
"iBPyahdJRP5y0t25fF2W9w","Restaurants","Breakfast & Brunch","Steakhouses"
"BLvcA14BVJYSPjaVnNUKFg","Ice Cream & Frozen Yogurt","Desserts","Juice Bars & Smoothies"
"E7ZE01pvRgeWEpM0SJ8AQ","Eyelash Service","Education","Cosmetic Dentists"
"4JdoQ95uXyzoHmPhtdiA","Pet Services","Professional Services","Home Services"
"CeEogZjMVZUT16bQq8LHQ","Active Life","Fitness & Instruction","Health & Medical"
"73kJo3Yg6jGoXRkEYTIJg","Fitness & Instruction","Arts & Entertainment","Arts & Crafts"
"QTaa7PvSXU7s1d4CsNgWmQ","Active Life","Furniture Stores","Auto Parts & Supplies"
"lH0Ph4DiYSqj9UJBXAq8hQ","Furniture Stores","Auto Parts & Supplies","Sporting Goods"
"AR0ZBtfc4EydtlpxfeBWg","Oil Change Stations","Tires","Shopping"
"AwlvIsKDqB5LeKNWC6k4kQ","Arts & Crafts","Arts & Entertainment","Home & Garden"
"DG7blxT5FHAlQGG8A92ZXQ","Auto Repair","Professional Services","Pet Services"
"tQUdEckIHoIKoUpr90d0A","Trainers","Fitness & Instruction","Gyms"
"iJy7ameVQsas8IA6nGhywg","Cosmetic Dentists","Dentists","General Dentistry"
"DgLrAuOKilHSeH8gFheEw","Hair Stylists","Hair Salons","Hair Removal"
"mssLiOfL1vtoNo3WoEoJw","Salad","Mexican","Specialty Food"
"hZGKkR7SyB6sABAoiXyA","Nail Salons","Hair Salons","Home Decor"
"AxKgZHxyVoBBHNyOESAg","Medical Centers","Auto Parts & Supplies","Auto Repair"
"jcsan4Rl4RARDIuv7tXz5Q","Pet Services","Active Life","Professional Services"
"PNRSuNZyLLEo1gmHtb0CXA","Health & Medical","Auto Repair","Auto Parts & Supplies"
"MueAEUT6iqRyOvuIZ5Ixaw","Hair Removal","Skin Care","Education"
"pIBmepGK6xMZBC20mZw","Hair Stylists","Hair Salons","Barbers"
"PNbX4mT6krRyI0il8Il4Q","Oil Change Stations","Auto Repair","Auto Parts & Supplies"
"lOYv3HSPkO8hy1jaoERRw","Fast Food","Pet Services","Event Planning & Services"
"qkoDky591Z6K4IYhlbtNw","Hair Salons","Hair Stylists","Nail Salons"
"J5TVwnEtNNAWOndZtJig","Medical Centers","Professional Services","Event Planning & Services"
"RdUsJhX11B0gENNc4Ml5vw","Breakfast & Brunch","Specialty Food","Beer"
"BFHTQKVr92xWGyES3UKA","Electronics","Home Decor","Doctors"
"V6HvKxaFcOF5BpVCWaPmg","Medical Centers","Active Life","Home Services"
"O7UMzd3iZk8dMeyY9ZwoA","Ice Cream & Frozen Yogurt","Asian Fusion","Desserts"
"uFvx7k8XxQjy0nFhu8ENQ","Cosmetics & Beauty Supply","Juice Bars & Smoothies","Accessories"
"1e7GXqhVDs0UXUofjTkVgQ","Cosmetics & Beauty Supply","Event Planning & Services","Contractors"
"MPLfrpdHn9lnzENmoYiA","Hair Removal","Hair Salons","Skin Care"
"XBfvbNHOjifRyhzOKuEw","General Dentistry","Cosmetic Dentists","Dentists"
"UyxVtMWnlfRlweWLlonCLw","Event Planning & Services","Flowers & Gifts","Accessories"
"oRlSv2vCeUxUuByv7TX7A","Auto Repair","American (New)","Contractors"
"DxA1Y8TpIepUWcJMGLYDLg","Auto Repair","Auto Parts & Supplies","Oil Change Stations"
"FgP9iwQLzrR0Y3STq3JS4A","Massage Therapy","Massage","Day Spas"
"uQlnEOPmGYLFn5nb3qDEtQ","Nightlife","Real Estate","Gas Stations"
"x2NuIlQgvvl3Wtq8ipZC6Q","Pets","Health & Medical","Doctors"
"0lhQjqxsXuHgcSXiyjIKQ","Cosmetic Dentists","General Dentistry","Dentists"
"YBbev1J6ShVcPLKg1sXg","Ice Cream & Frozen Yogurt","Juice Bars & Smoothies","American (Traditional)"
